rms,variance,peak,peak_to_peak,crest_factor,kurtosis,skewness,shape_factor,zero_crossing_rate,total_power,dominant_freq,amp_1x,amp_2x,amp_3x,harmonic_ratio_2x_1x,harmonic_ratio_3x_1x,band_ratio_low,band_ratio_mid,band_ratio_high,spectral_centroid,spectral_bandwidth,spectral_entropy,envelope_bpfo_peak,envelope_bpfo_ratio,label,recording_id,window_id
0.15987161026737415,0.025558599322679603,0.7416679567121972,1.31739535386534,4.639147347498465,0.03834453609706445,-0.023941817604893043,1.255052215336846,0.46,0.025378262535431413,29.296875,0.00027774109349144454,3.726278617521999e-05,0.0,0.13416374835568876,0.0,0.188084129874163,0.22750701692158024,0.5844088532042568,2630.8540749201115,1877.1528613714045,9.514922481412706,0.003710299435988254,6.805182285621025,healthy,healthy_000,healthy_000_w0
0.16012578479762984,0.02564011532568049,0.6266103448541003,1.202337742007243,3.91323824358471,-0.017961315613287177,-0.007001316522350784,1.2529520796265647,0.46041666666666664,0.02551119428868754,29.296875,0.0002703698551269883,4.4680114139294695e-05,0.0,0.16525553160617398,0.0,0.1904378919553001,0.21905987791271775,0.5905022301319821,2647.4238056485683,1874.0290131625961,9.524123886279494,0.004591653706501906,8.506820284330207,healthy,healthy_000,healthy_000_w1
0.15822812077071216,0.02503294006704633,0.614991320430985,1.1970261516341654,3.88673844722056,-0.06964172938986479,0.044324095047492,1.2508397046063837,0.45916666666666667,0.025003508860739473,29.296875,0.0002526681442570341,3.1658026367764276e-05,0.0,0.1252948861474172,0.0,0.17975473981026888,0.22326918831894055,0.5969760718707906,2684.218298715271,1868.4713782130532,9.551612282882497,0.005184357313439873,9.70406916249406,healthy,healthy_000,healthy_000_w2
0.2051581388071934,0.04208861725454614,0.7973398023328662,1.5794103586121442,3.8864643975065603,0.048134659710052485,-0.049327980205382885,1.2572211945291136,0.47441666666666665,0.04192148305990177,29.296875,0.0002577265980619549,3.730428891319451e-05,1.1247285484264083e-05,0.14474365158161492,0.04364037537778832,0.13486316781131746,0.24374583374843575,0.6213909984402468,2809.622898846503,1814.0559298299572,9.743793891574217,0.004220865798009361,5.948263785549925,healthy,healthy_001,healthy_001_w0
0.20696031358236847,0.042826944030171954,0.7973398023328662,1.5794103586121442,3.8526217347246705,0.0052608302190204626,-0.03541454298182378,1.2516528779388043,0.48083333333333333,0.042831539000176645,29.296875,0.00025634640655003974,3.2319632032648765e-05,9.818887156085691e-06,0.12607796016184786,0.0383031979586927,0.13703698376662254,0.23721304380287161,0.6257499724305058,2835.364492148735,1825.971576716307,9.756725391800536,0.005237976653803752,7.441140395495488,healthy,healthy_001,healthy_001_w1
0.2073485907501475,0.04299327358048517,0.7650686988449291,1.527166471343486,3.6897704299655816,-0.010641116546326046,0.019095644045363274,1.2513640450238908,0.48091666666666666,0.042777077980981695,29.296875,0.0002563703305804814,3.5958046032851674e-05,1.142097922359641e-05,0.14025821923868642,0.044548755691568076,0.13306407126910447,0.24587906095627182,0.6210568677746237,2824.3202201166846,1820.8621590102382,9.750130480993114,0.0031976249893796277,4.5611805557776774,healthy,healthy_001,healthy_001_w2
0.1994775099486438,0.03979121634198231,0.7320330501039525,1.4135114851007629,3.6697522958473714,-0.17434996052657326,0.03772907254210586,1.2406927658540519,0.37616666666666665,0.03982662603031864,29.296875,0.0013898967028891651,1.899819558373042e-05,9.158361527592896e-06,0.013668782395295313,0.006589238976217079,0.37093316634877943,0.16820573547030074,0.46086109818091975,2072.251223825219,1977.2408462932076,8.121162666228528,0.00407411168298569,7.015321256638294,healthy,healthy_002,healthy_002_w0
0.19850648695754716,0.039404052408683006,0.7536222708050636,1.4856553209090162,3.7964616791905352,-0.17451991319111126,0.040825734289248565,1.2407926491392787,0.37783333333333335,0.0393360595861966,29.296875,0.0013754147440162606,1.9046257446085893e-05,9.971943729218343e-06,0.013847646703619109,0.007250135839099636,0.3740742640420123,0.17806834671589733,0.44785738924209045,2021.4126673302799,1957.8370092802875,8.125795523577318,0.003635434923699068,6.29623545069364,healthy,healthy_002,healthy_002_w1
0.19888643847501314,0.03954977125827267,0.7536222708050636,1.4274509114680547,3.7892089404564606,-0.18261350011048405,0.031416440576687715,1.2431827249541516,0.38333333333333336,0.03925125219767808,29.296875,0.0013861673401570095,1.072780741890249e-05,9.55228680311752e-06,0.007739186394109794,0.006891149810264281,0.37121803123935815,0.17473643404224715,0.45404553471839476,2070.012284187999,1994.508644319755,8.100705568882784,0.003537005035404768,6.289410124357173,healthy,healthy_002,healthy_002_w2
0.17486701267316615,0.030577053476552835,0.6446558568054079,1.2426256827461997,3.686549263641262,-0.24122275136497784,0.050212542029678175,1.236319314953826,0.33441666666666664,0.030434109949983697,29.296875,0.0014213912453876325,0.00010626413724684603,9.591192559258769e-06,0.07476065269971913,0.006747749847469422,0.49162574680258464,0.13893917432498648,0.3694350788724289,1667.421219294275,1950.6550100150537,7.184079376467404,0.0022932806899066157,4.9815467358755905,healthy,healthy_003,healthy_003_w0
0.17606405129990835,0.030996170771508267,0.6446558568054079,1.2426256827461997,3.661484851937765,-0.23304095072015452,0.045800131155717405,1.236430260328111,0.33108333333333334,0.030958333465126123,29.296875,0.0014417843046345565,0.00011699476563811226,1.3510665353395e-05,0.0811458172086056,0.009370795139027051,0.49680532965696955,0.13938137220594027,0.3638132981370901,1650.8803937686714,1946.1731518463343,7.18100043838713,0.0021817366066520655,4.700680116205202,healthy,healthy_003,healthy_003_w1
0.17723641810629762,0.03141220141903945,0.6489975986643749,1.2179120795774199,3.6617621005810346,-0.24080000193604256,0.05103622131368153,1.236028651975663,0.3279166666666667,0.03144058639165122,29.296875,0.001494420866512216,9.896344630630858e-05,1.207195062849816e-05,0.06622193822632871,0.00807801262617038,0.4965571164104331,0.14279297279237058,0.36064991079719616,1642.3433695418157,1942.7261498713954,7.14150781871278,0.0035748748722179923,7.706763779825678,healthy,healthy_003,healthy_003_w2
0.2844492480107789,0.08090837134953645,1.170519518190866,2.3187424097042877,4.115038188276421,0.0007433965265497555,0.011915191825214754,1.251525156830026,0.4725,0.08094697075671253,29.296875,0.0009778556745881465,6.8494896761361e-05,2.3666544058081437e-05,0.07004601859084132,0.024202491914820986,0.18449248710743232,0.2173730215193726,0.5981344913731951,2698.4762691997757,1886.3982792399843,9.470822074137132,0.007879606401738876,8.409981334286703,healthy,healthy_004,healthy_004_w0
0.2830457576073348,0.08010493631702005,1.170519518190866,2.295911250488084,4.1354427216489515,-7.728259237405055e-05,0.004542211234470836,1.2537789585254846,0.46691666666666665,0.08081866789592462,29.296875,0.0009809802187471478,5.346556357667322e-05,2.2343765614180682e-05,0.054502183178531775,0.02277697876794791,0.18845654347654542,0.21568204604060084,0.5958614104828537,2689.8610407089814,1885.7346770221577,9.47757469695532,0.005723636297955668,6.198986731327047,healthy,healthy_004,healthy_004_w1
0.2779814818265039,0.07726931287971853,1.001840078547192,1.9374110521934906,3.6039813586304597,-0.03984494185103182,-0.0072320239456803775,1.2522915982144114,0.45958333333333334,0.07702505342471522,29.296875,0.0009542968581665761,5.425460459381144e-05,1.7026995483852383e-05,0.05685296365540491,0.01784245157902454,0.19264859966518097,0.22398392594937505,0.583367474385444,2633.2571028932775,1875.2124852505403,9.471983426394125,0.004906867958009321,5.411374734968391,healthy,healthy_004,healthy_004_w2
0.17186813033844361,0.029538360185093683,0.644659358018711,1.2724847353476734,3.750895275053289,-0.11645617527377983,0.042379606550577056,1.2483540178905284,0.46441666666666664,0.02961607145446623,29.296875,0.0003024506821230864,0.0,9.64351276151646e-06,0.0,0.03188457930999773,0.19885193661673525,0.21963620665112005,0.5815118567321447,2624.0619990531613,1899.38571220943,9.472228085162904,0.003468973398718728,6.1847077850664665,healthy,healthy_005,healthy_005_w0
0.17129019364038148,0.029337947023090095,0.6553150915480237,1.2999744495667347,3.8257595348618594,-0.07725675160901035,0.05029000631634188,1.2512006933181594,0.46508333333333335,0.029418088185850785,29.296875,0.00026535540980635047,0.0,1.2957999747584848e-05,0.0,0.04883261945570004,0.18302843168621166,0.22656850524721683,0.5904030630665715,2638.555657007059,1859.400563705992,9.549506529751302,0.004137081512451702,7.242422343120594,healthy,healthy_005,healthy_005_w1
0.17319333989291727,0.029995924605564293,0.6693024617460641,1.3059817502006132,3.8644815219793287,-0.027175120028515742,0.06341608958076747,1.2528918215694433,0.45716666666666667,0.029825926434908015,29.296875,0.00028502805897860563,0.0,2.2758007704568294e-05,0.0,0.07984479768806384,0.19303533082565333,0.21598828782326404,0.5909763813510825,2629.5445006642462,1868.0343215179762,9.510347753493193,0.002944794698529339,5.128036935305554,healthy,healthy_005,healthy_005_w2
0.155363474862127,0.02413725451603811,0.6531854969921032,1.2869402648435695,4.204241039097217,0.03307851188431776,-0.023874968437512183,1.2558354025580096,0.4503333333333333,0.02419316789169982,29.296875,0.00031783770185071287,2.6204006573596842e-05,3.979890014703561e-06,0.08244461377934567,0.012521768158809869,0.1982537441583383,0.22406235368792565,0.5776839021537361,2604.2872138365224,1883.9519419553972,9.420533429954888,0.0022354077573166786,4.313726936689938,healthy,healthy_006,healthy_006_w0
0.154690839198543,0.02392888631634085,0.6531854969921032,1.2753659570937679,4.222522163408467,-0.04411350466987596,-0.025516335597111375,1.2502999661750973,0.4558333333333333,0.02368985009180875,29.296875,0.0003092193859458908,3.358356642973545e-05,4.2892188277334324e-06,0.10860757105187487,0.013871118767708785,0.1996260847230757,0.22784162858698453,0.5725322866899397,2596.0381034773773,1900.3801094941664,9.416890782548268,0.0040264318377484865,7.979672513237276,healthy,healthy_006,healthy_006_w1
0.1562943068000827,0.024425430706961345,0.6221804601016647,1.2164084833164504,3.980826127579303,-0.07617937774059635,-0.00932509518755987,1.2477187663030567,0.45925,0.024261187185809305,29.296875,0.00033337254336500524,3.337374080708318e-05,5.357334802278215e-06,0.10010944653754135,0.01607011407778876,0.20283982299316686,0.2214831822558996,0.5756769947509336,2608.6131688268765,1897.5234640699766,9.3921646451968,0.0029621981288531184,5.866039567914741,healthy,healthy_006,healthy_006_w2
0.2595421326072841,0.06735874303192096,1.0285934346562686,1.9713681459084529,3.963107740247492,0.029312247307062833,-0.03519643268362414,1.2544558252984213,0.48133333333333334,0.06778468250636943,29.296875,0.00045181312605769886,4.285444673878735e-05,1.4181570373457031e-05,0.09484993743478497,0.03138813273797179,0.1436070065470774,0.23806067560897418,0.6183323178439485,2808.0133144068645,1841.016627071667,9.71435042833695,0.005250742130393305,6.080296574746792,healthy,healthy_007,healthy_007_w0
0.25972058882405236,0.0674516938467292,1.056030294297996,2.0643184328016804,4.0660245653970986,0.04947755820396571,-0.030603384975505483,1.2550022333455952,0.4850833333333333,0.06750432371300613,29.296875,0.0004042767320427983,4.5891276475624063e-05,9.261823209232696e-06,0.11351451329819752,0.022909612340124,0.1327727973779626,0.2450420019640506,0.6221852006579868,2830.404825569393,1820.7515808300977,9.751230885407239,0.005987693508179917,6.8100356613336155,healthy,healthy_007,healthy_007_w1
0.2602269118241692,0.06771775172229352,1.056030294297996,1.9684029101062892,4.058113309247344,0.009186528092719026,0.02019059814070791,1.2559709126298344,0.4815,0.06706057688941434,29.296875,0.0004059268962456073,5.236985801003667e-05,1.0105574162782865e-05,0.12901302794764832,0.024895059322869943,0.13213067129383838,0.2375913780898056,0.630277950616356,2830.256499161277,1810.955498281022,9.74748890037151,0.008041732348719612,9.034544343848786,healthy,healthy_007,healthy_007_w2
0.26507500541412393,0.07026430181287263,0.9230585398107027,1.841057260124336,3.4822541580961883,-0.1254330691315313,-0.08183216503950355,1.245245683531297,0.42233333333333334,0.07037837723211014,29.296875,0.0015454644979495287,0.0,8.346555910092291e-06,0.0,0.005400677868153054,0.2958998523333781,0.19780644284740878,0.5062937048192131,2301.327982635928,1961.3301125150329,8.765642420377011,0.006346286570621216,7.826861202601143,healthy,healthy_008,healthy_008_w0
0.26494042395820305,0.07018904057648774,1.1432551382814062,1.9960280765458993,4.315140442523659,-0.07885933588002159,-0.0850658306899511,1.2499587391691687,0.4225833333333333,0.07047148163265794,29.296875,0.0015251171824312577,0.0,1.0438574766952512e-05,0.0,0.006844441127016819,0.2986138011008585,0.1952964403127538,0.5060897585863875,2318.712448870789,1977.131236986157,8.772028765782965,0.005063433974720424,6.3832614487477,healthy,healthy_008,healthy_008_w1
0.2647032953037599,0.07006712993019781,1.1432551382814062,2.255897806571638,4.31900606665839,-0.0370369428052606,-0.058438801285090124,1.251376996660457,0.42283333333333334,0.06976433960013362,29.296875,0.0015029163863173698,0.0,1.3192647631283611e-05,0.0,0.008778031666558548,0.29149194347176255,0.19070617525952369,0.5178018812687136,2337.42044684391,1967.1958321296904,8.796979031389505,0.0029186109311997266,3.5997581014663735,healthy,healthy_008,healthy_008_w2
0.2769610503418987,0.07669931342198763,1.145216370239471,2.1475097346671177,4.134936550918411,-0.004596508103555053,0.02562226629596659,1.2550890832060821,0.4831666666666667,0.07554524923267374,29.296875,0.00029516673298380996,6.334636626318397e-05,1.9024785667196723e-05,0.21461214691378702,0.06445436948424754,0.12173392509254967,0.24060241531167265,0.6376636595957776,2842.3138935572065,1764.3723654671505,9.82085806941116,0.005471878814185057,5.722745748297071,healthy,healthy_009,healthy_009_w0
0.2801226121572587,0.07846031598001853,1.034221062363697,2.0365144267913435,3.692029909328038,0.046230186090033154,0.03038493364596025,1.2558241795599745,0.48275,0.07830451526232542,29.296875,0.0002729468872113126,7.73920689639113e-05,2.477092049337614e-05,0.2835425959776386,0.09075362883401838,0.12218691483497987,0.2415681508319583,0.6362449343330617,2836.9215528080035,1773.2547041150153,9.834586000746471,0.006892047440085362,7.223853679263381,healthy,healthy_009,healthy_009_w1
0.27702732743719805,0.07674411005716852,1.1587179630996531,2.1577711576622383,4.182684696917974,0.034621681224840994,0.03144434183200495,1.2548957786394985,0.4865,0.07698404311049041,29.296875,0.00025251244443196533,0.00010124486592787637,2.3597310777913384e-05,0.400950005278472,0.09345009047374388,0.1233676543278283,0.23657073134550222,0.6400616143266695,2858.9360423463863,1783.1958195114564,9.840106039339332,0.006407664854355188,6.754286260331209,healthy,healthy_009,healthy_009_w2
0.2076450104423425,0.04311617961090276,0.8609503796304664,1.6289185597036402,4.146260860284574,0.05256326893334906,-0.025234373404783975,1.2568041604330704,0.46275,0.04319600616611104,29.296875,0.0004816849366029695,0.0,7.114230374984714e-06,0.0,0.014769468244444278,0.20230008932457902,0.212213365182938,0.585486545492483,2632.0691005061876,1911.9262131884034,9.411666977485082,0.004705911558462114,6.9098546115143025,healthy,healthy_010,healthy_010_w0
0.2072340080937556,0.042945757660728306,0.8337829552442001,1.6075969236700605,4.02338864607099,0.020873566732867666,-0.01988058405665759,1.2552677063653122,0.46416666666666667,0.04274155697572714,29.296875,0.0004913118154187297,0.0,7.035304878224302e-06,0.0,0.014319429448746986,0.20187862829668193,0.21072562599638112,0.587395745706937,2631.206948246742,1909.396958235126,9.381009536226777,0.006703062609432844,9.753168077829972,healthy,healthy_010,healthy_010_w1
0.20956451052027603,0.04390918842104619,0.8586310920673083,1.6713802043160406,4.097216126602853,0.059144474006917136,-0.012558813079908533,1.2558250541805767,0.46825,0.04344704052594975,29.296875,0.0004872718646428783,0.0,1.4498896906127702e-05,0.0,0.029755251550905668,0.20459831870240477,0.20933782175998766,0.5860638595376075,2647.2992014577253,1914.0224109689348,9.394469113860424,0.0052367344647889546,7.648823446799742,healthy,healthy_010,healthy_010_w2
0.2576517906359435,0.06637646864210198,1.5106598542437202,2.456439748110954,5.863183991522304,0.10765277741501134,0.009001397843575105,1.2584635389462795,0.48433333333333334,0.06593206373347538,29.296875,0.0003276442100927975,3.3755528586140974e-05,1.6788394902446626e-05,0.10302495068226755,0.05123971181328584,0.12672145778597121,0.2450673126457006,0.6282112295683282,2847.6105406987776,1809.4430638822125,9.792275006301413,0.005355621810769022,6.1492345128474675,healthy,healthy_011,healthy_011_w0
0.25691192724333833,0.06600061335607936,0.9922252311799831,1.8981610576874832,3.8621220969635277,-0.01440167779020518,0.013057587963404638,1.2561965159603707,0.47808333333333336,0.06620987933824622,29.296875,0.00033565627780259515,4.292904459747366e-05,1.15443274399819e-05,0.12789584892769656,0.03439330113399906,0.12636478016858804,0.24215637224522418,0.6314788475861878,2846.9385348328437,1810.3834156992807,9.785384978619929,0.004557793704126392,5.297600101803399,healthy,healthy_011,healthy_011_w1
0.25803418156213465,0.06657978314348227,0.9744996159071261,1.939222578290762,3.776629941070294,-0.039019612447784624,0.016952636874772352,1.2525360923749387,0.4765,0.06674389533286165,29.296875,0.0003900409508327903,3.889492428831825e-05,1.8133197959826283e-05,0.09972010427436481,0.04649049778262884,0.13511138818489882,0.24020790785282123,0.6246807039622799,2820.60055659486,1826.2102889072,9.760112975879021,0.008499613353816736,9.878797042763427,healthy,healthy_011,healthy_011_w2
0.16773950499362653,0.028136241015226594,0.559373331873561,1.0924600161631222,3.334773951400507,-0.3201505198556256,0.05587653575220938,1.2318281555754425,0.30983333333333335,0.028390896102091313,29.296875,0.0015158628438988824,1.099304480061863e-05,0.0,0.007252004919088798,0.0,0.5336231224024246,0.12109397282571585,0.34528290477185963,1558.0677678174413,1942.278930979793,6.735249970182417,0.002444850664083745,5.828124161997629,healthy,healthy_012,healthy_012_w0
0.16562465952817598,0.027425840051218443,0.5872416100542484,1.1560216151403302,3.5456170097324615,-0.2791443868299224,0.07858772441046967,1.234856815152558,0.31908333333333333,0.027247153316753744,29.296875,0.0014312111069337563,1.3446162633677972e-05,0.0,0.009394954083667776,0.0,0.519934752308433,0.12903778807493615,0.3510274596166308,1597.1691682992507,1951.1775303011234,6.833022870428824,0.0023033521912903207,5.504948444245202,healthy,healthy_012,healthy_012_w1
0.16596272978343957,0.027543029489560885,0.6333073826022941,1.2020873876883758,3.815961471763452,-0.25559923399343676,0.04684301679732487,1.2346299954680953,0.32458333333333333,0.027542036283263842,29.296875,0.001403810588527087,1.790777966213412e-05,0.0,0.012756549785625572,0.0,0.5118116165008184,0.13197122378773285,0.3562171597114486,1622.9218525333247,1953.2019905559937,6.923549621276332,0.002437096480522746,5.79138995547861,healthy,healthy_012,healthy_012_w2
0.29906203000191073,0.08943688233133783,1.1401717737241852,2.2351508523694483,3.8124925913092365,-0.018533296783607156,0.019326003779755904,1.2523977614021955,0.429,0.09005975393544896,29.296875,0.0020185317837207485,9.527805138169151e-05,1.4909386472508583e-05,0.047201660211694065,0.007386253014567942,0.2678084243318293,0.20760578045572156,0.5245857952124491,2394.3672651691304,1953.899347851867,8.90356846195954,0.005610672802887225,6.009194877543107,healthy,healthy_013,healthy_013_w0
0.29685791664616,0.08811681558469002,1.1311824638326113,2.210829889619996,3.810518097723245,-0.019993724029699234,0.030282100800636837,1.2515706616380076,0.43516666666666665,0.08860994126216254,29.296875,0.001820468703730745,9.343742615015053e-05,1.4794150272125028e-05,0.05132602717018217,0.008126561166257295,0.25752654377356604,0.19489064085824012,0.5475828153681938,2453.697150065863,1943.7889214114298,9.005581356130948,0.008768606018269953,9.275439263122928,healthy,healthy_013,healthy_013_w1
0.2958686331980325,0.0875370470925988,1.1311824638326113,2.245889888226314,3.823259166089031,-0.0398730005195036,0.06023172849211387,1.251597719029003,0.4379166666666667,0.08791344473283806,29.296875,0.001716686979249924,0.00011476452450827866,1.0731490764201378e-05,0.06685233003772359,0.006251279874500075,0.24932829362004705,0.20139711348563416,0.5492745928943187,2469.2126987969928,1940.2854598758172,9.073117110695376,0.006082516481830316,6.485044763180622,healthy,healthy_013,healthy_013_w2
0.14515213532260166,0.021068757517556023,0.526721649822505,0.9963121908692929,3.628755778562006,-0.3856147725507655,0.057489566182662315,1.2203063984731062,0.29041666666666666,0.021223726580798435,29.296875,0.0011458668375323238,1.2827665461161662e-05,1.923227611832287e-05,0.011194726159268751,0.016784041119245974,0.5332727830405771,0.12236409267005763,0.3443631242893652,1553.6825617497618,1934.031507248541,6.74126579718469,0.002985278890717405,8.136917592092942,healthy,healthy_014,healthy_014_w0
0.14561113264856262,0.021202545709636398,0.5873104560726358,1.1140321058951408,4.033417262745489,-0.3404700622049863,0.037267442236066976,1.2242132401949444,0.297,0.02119107008745125,29.296875,0.00115880876784041,1.5840193196461803e-05,1.501078699132216e-05,0.013669376376899573,0.012953636016490196,0.537025004557879,0.11611209840198282,0.3468628970401382,1563.2813658502191,1951.213952420631,6.723164221274676,0.0023210477996578214,6.2465459739102815,healthy,healthy_014,healthy_014_w1
0.14526859836344375,0.021102734250558395,0.5873104560726358,1.071455528124121,4.04292780882527,-0.3701687425166611,0.0749544153825193,1.2242668809761577,0.29633333333333334,0.02100161023666608,29.296875,0.0011504170392159494,1.683370376649741e-05,1.5212339671942047e-05,0.014632696833115567,0.013223326109903417,0.534354350086653,0.11987289557546739,0.3457727543378796,1562.5287019946225,1946.2600116600727,6.719795859437458,0.0029179598339769915,7.980498900747977,healthy,healthy_014,healthy_014_w2
0.221912607218958,0.04923943141687502,0.9444964924534703,1.8469680369740784,4.256164191345601,-0.04429481119158174,-0.010092788294075372,1.247385742301198,0.42891666666666667,0.04918405964691675,29.296875,0.001022476921066703,4.332181505934159e-05,6.313672129176325e-06,0.04236947961049912,0.0061748798423631535,0.26003603931236535,0.1976536634286261,0.5423102972590085,2450.4639267572925,1961.913645247369,8.988459107376107,0.006271481191206832,9.048270797404632,healthy,healthy_015,healthy_015_w0
0.22122764562713496,0.048938474084573004,0.9444964924534703,1.7018796662052265,4.269342060645345,-0.1340739938577391,-0.0023810844299518475,1.2448834014811274,0.4285833333333333,0.04872698682845655,29.296875,0.001003533763237232,4.0366864532230336e-05,6.282707490924234e-06,0.04022471989583449,0.006260584069097258,0.25661528442082043,0.20436433906768212,0.5390203765114974,2441.3780125632443,1945.0423739754751,9.007552253991744,0.004858744656554133,7.042371135582006,healthy,healthy_015,healthy_015_w1
0.22202278556770733,0.049293626437589846,0.8651703455018075,1.6935978220494585,3.8967637636361787,-0.07216878643865066,0.0035650876545496295,1.2492503512123565,0.4300833333333333,0.04934823413954551,29.296875,0.0010790824892721127,3.8362561075139376e-05,6.943099105330065e-06,0.03555109220706247,0.006434261675410452,0.26938653514963873,0.19389987261480912,0.536713592235552,2411.3484857714907,1953.9518532903176,8.921309313363006,0.004280539480195405,6.237395026330702,healthy,healthy_015,healthy_015_w2
0.14072989089016222,0.019797832699676252,0.550650108745371,1.0948507157082539,3.9128155735951364,0.014353505521428556,-0.027260198186282013,1.2529894646811934,0.4475,0.01970578681197082,29.296875,0.00029439109221127135,7.619571407130093e-05,8.07482726746357e-06,0.2588247949316981,0.02742891167939493,0.23608976136962584,0.20361953430937746,0.5602907043209967,2517.279815923641,1929.9326858945035,9.240389081754856,0.002379582829164067,5.2091066161588255,healthy,healthy_016,healthy_016_w0
0.1412276842508162,0.019943451664339827,0.5375396369551038,1.0577105923022903,3.8061916812319123,0.0022113773930088065,-0.04665505902928324,1.255260526356761,0.45175,0.020008748816214963,29.296875,0.0003029864319075056,6.85456633536414e-05,6.136620753676239e-06,0.22623344194688796,0.020253780722265476,0.23352268770311307,0.21101511131440484,0.5554622009824821,2512.4016285174052,1927.4158520349965,9.239423963237861,0.0026409284693651542,5.742736799531965,healthy,healthy_016,healthy_016_w1
0.14116897851103116,0.01992866157852751,0.5213158953418826,0.9994457696887931,3.6928502340983234,-0.03870385934869747,-0.04858801329726192,1.2529458393873836,0.4479166666666667,0.02001448719151257,29.296875,0.00027519528207224615,7.796968903775274e-05,4.170947718535932e-06,0.2833249481990887,0.015156319858132402,0.2279385910050167,0.2109700030423976,0.5610914059525858,2547.4578218971797,1931.2264622695825,9.29398902268179,0.005226218819606153,11.406846896168522,healthy,healthy_016,healthy_016_w2
0.1444024463238639,0.020846774877810264,0.7761145058957837,1.2665731455391138,5.374663142168134,-0.04002537227844449,-0.010459178426916139,1.2510220061976878,0.4469166666666667,0.020769080233441786,29.296875,0.00027818713250568345,0.00011317756392109103,0.0,0.40683967982875263,0.0,0.2351560532734157,0.2076585913814998,0.5571853553450844,2507.6125601677672,1921.6220053196469,9.247021927728824,0.003325334808231666,7.23510057892842,healthy,healthy_017,healthy_017_w0
0.14489708166754958,0.02099235598669957,0.5717294537300133,1.0621880933733436,3.9457623794092944,-0.12079703241679374,0.0003649419898759923,1.2460094957707104,0.4495,0.021045732989359044,29.296875,0.0002878112182622207,0.00010722278117496136,0.0,0.3725455241889571,0.0,0.24363120023349344,0.20418721255957853,0.552181587206928,2477.893628811176,1918.5673536509005,9.228242566014261,0.0024734596246825456,5.409789923638814,healthy,healthy_017,healthy_017_w1
0.14521509224330023,0.021080764799428622,0.5821415565716852,1.0799597884790102,4.008822689010435,-0.05494758779910258,-0.029290402970773642,1.2474512301564515,0.4454166666666667,0.021060800104623443,29.296875,0.00027835546907657445,9.246654405839188e-05,0.0,0.3321887095128521,0.0,0.23144399753417597,0.2044492996059731,0.564106702859851,2526.471860837503,1920.2189660119273,9.283776908941904,0.0025792451164731497,5.5118158556349695,healthy,healthy_017,healthy_017_w2
0.2600585576289357,0.06762282379240364,0.9077170027091089,1.8133135871078983,3.4904331200832237,-0.04567977638493259,0.036453720348815395,1.2551703026124184,0.48,0.06795560275422843,29.296875,0.0003443148614811472,0.0,1.317624294153416e-05,0.0,0.0382680052927533,0.14023348035118025,0.23693543354987442,0.6228310860989452,2782.465051644179,1818.3416550381032,9.739593644552276,0.006386291853884349,7.201871552708208,healthy,healthy_018,healthy_018_w0
0.2621590377957622,0.06872606796450798,1.1234401398250053,2.042545946412391,4.285338202607508,-0.04863507398639699,0.029069489464967773,1.2508175734913776,0.48675,0.0686636763475276,29.296875,0.0003628108886006206,0.0,1.2414400948357747e-05,0.0,0.03421727775657644,0.13913678011526262,0.22847108243447886,0.6323921374502587,2821.701854609881,1809.9012913033318,9.744552321521223,0.00467825017050358,5.142126183934827,healthy,healthy_018,healthy_018_w1
0.261036550195356,0.06813183659557602,1.1234401398250053,2.1565835556567627,4.3037656565114695,-0.02704200395482781,0.006641492813339254,1.2485278299818554,0.4835,0.06848754467860574,29.296875,0.00038174158801210196,0.0,1.2743717852961583e-05,0.0,0.03338310064492523,0.135416870975942,0.23043543191952853,0.6341476971045295,2862.38904219316,1822.378861612674,9.736892860735999,0.007488883829551801,8.431767841414064,healthy,healthy_018,healthy_018_w2
0.22675666897671296,0.051418149154990364,0.8515163088117484,1.6905286028435706,3.755198524719888,-0.14819689106803535,0.02759664371825957,1.2450247989174033,0.4115,0.051076887088153784,29.296875,0.0013006064626200958,0.0,6.7985598154943835e-06,0.0,0.0052272228463316715,0.31041395838355484,0.19151197231746814,0.4980740692989771,2261.285923669438,1982.264929095933,8.592253980125559,0.005645400822417726,8.26103618101569,healthy,healthy_019,healthy_019_w0
0.22811162633203305,0.05203298458290172,0.9361457981293531,1.7228680325901342,4.1038934015871895,-0.11089359089448747,0.008651011912144742,1.2468860654400902,0.413,0.05203068377035727,29.296875,0.0013466936380636002,0.0,5.542900153738782e-06,0.0,0.00411593253065996,0.31698852722407816,0.18057248355919236,0.5024389892167295,2268.860383709898,1989.7921515382618,8.557972817026009,0.005737371403208131,8.355579817372876,healthy,healthy_019,healthy_019_w1
0.23060198187540842,0.05317726973175753,0.9361457981293531,1.7228680325901342,4.05957394865384,-0.06660254975688895,0.025444108073816595,1.2503652402615677,0.4075,0.052469116722787854,29.296875,0.0013525765318357454,0.0,7.2877857307687294e-06,0.0,0.005388076429862045,0.3142036647127301,0.1827173510381315,0.5030789842491383,2265.1871237771034,1982.2345192493156,8.574563477243561,0.004115604420135938,5.87699370604022,healthy,healthy_019,healthy_019_w2
0.18612482429346505,0.03464126135661923,0.7094880253808462,1.3987940701656114,3.811893593850698,-0.15146893670335837,-0.015292908958790888,1.243319529356619,0.4043333333333333,0.03433572152464141,29.296875,0.0010983035210042787,6.438958732806434e-06,0.0,0.00586264052665397,0.0,0.3425998185255119,0.17796424854663803,0.4794359329278501,2157.0942033412725,1979.1573460681393,8.305510945955408,0.00549617790341594,10.079814012006201,healthy,healthy_020,healthy_020_w0
0.18602486615934116,0.03460346964684868,0.6505345201285506,1.2983862877687031,3.497029905514512,-0.17920573690419195,0.017609530196526262,1.2417910023149856,0.40191666666666664,0.0345667330847647,29.296875,0.0011010172876539715,8.160554012591277e-06,0.0,0.007411830953153918,0.0,0.34089107448074313,0.17732972581877504,0.4817791997004817,2188.2870879808306,2003.8011669118398,8.33420247642839,0.00265041256507148,4.900953439472091,healthy,healthy_020,healthy_020_w1
0.18637175237723888,0.034733122348277565,0.7547538735347821,1.4026056411749346,4.04972247085529,-0.1481144639991685,-0.0028037951659141574,1.243918001745395,0.3995,0.034626378475228634,29.296875,0.0010668143843177045,1.2657582918880299e-05,0.0,0.011864840880427035,0.0,0.3403611784597838,0.17895875349654167,0.4806800680436746,2187.7298023995863,1998.5582132003815,8.365309484882545,0.003226188139545588,5.866581043293202,healthy,healthy_020,healthy_020_w2
0.21611760908914968,0.04670679600309217,0.8176905118593807,1.6232653088966293,3.783544132778551,-0.06934071576615963,-0.0005745079286011602,1.2467838186707025,0.457,0.047282265150118415,29.296875,0.00042205716783681274,0.00014159102506986298,0.0,0.33547830924318944,0.0,0.1774379130820002,0.22865187475587898,0.5939102121621208,2678.9557564659467,1866.116141190305,9.555531729868566,0.004286938239196528,5.902579316628687,healthy,healthy_021,healthy_021_w0
0.2175769997420466,0.04733970323512271,0.8176905118593807,1.6159761524192713,3.7581661335013,-0.0968185364699039,0.022868254269470437,1.2468983819692767,0.46241666666666664,0.047262201857308075,29.296875,0.0004246528694256331,0.00012268765030457306,0.0,0.2889128018150802,0.0,0.18258014760205835,0.22478681975544737,0.5926330326424943,2673.582410970444,1878.3855735242985,9.564696188704627,0.006195714628746141,8.598187255478923,healthy,healthy_021,healthy_021_w1
0.21751938160854464,0.04731314241691401,0.7982856405598906,1.581720095696205,3.6699517746722585,-0.04475003295798219,0.027145569758367454,1.2518763654974854,0.47008333333333335,0.04711744249232541,29.296875,0.0004383981355395543,0.0001015481811225728,0.0,0.23163460993645274,0.0,0.1747562412437759,0.2244780636043303,0.6007656951518939,2697.3360710855895,1866.815447722328,9.572770327808271,0.004258639450705571,5.886037849985331,healthy,healthy_021,healthy_021_w2
0.27829698166890976,0.07744565908709423,1.1403367078047748,2.1885757194527193,4.097553271926731,-0.0069074398215756005,-0.0008340072543696186,1.2526203814036332,0.42591666666666667,0.07721828727011856,29.296875,0.0015579828937323614,6.826753741430711e-05,1.830989960297101e-05,0.04381789921374738,0.011752311066206342,0.2818575395111103,0.194145114053001,0.5239973464358887,2353.6155961227805,1950.93039512191,8.86659751434942,0.00448977668221128,5.150243356246124,healthy,healthy_022,healthy_022_w0
0.27783335127447,0.07719045109313195,1.0867464747469355,2.1349854863948803,3.9115047555012383,-0.09084811883942123,-0.002795665027235376,1.2464592633545586,0.43133333333333335,0.07797385195544572,29.296875,0.001525878587834499,5.6972162965633185e-05,1.5147972952688176e-05,0.037337284512581774,0.009927377625886948,0.2806707591163807,0.19117379874397028,0.528155442139649,2380.3199447528036,1968.234892279537,8.885667653834371,0.00567934814628722,6.673666814551958,healthy,healthy_022,healthy_022_w1
0.2769716126489792,0.07671229540482487,1.0867464747469355,2.0189303821747577,3.9236745757198843,-0.10391293950551628,-0.008829754592076513,1.2450559421029914,0.43366666666666664,0.07691892159741417,29.296875,0.0014723846553651014,5.0791808936667084e-05,1.0770671709478746e-05,0.034496290593352075,0.007315120862087486,0.2669333521054142,0.1980404973410646,0.5350261505535212,2421.23669046578,1965.0110416867303,8.93043202624591,0.0059630602743886065,6.976441250026972,healthy,healthy_022,healthy_022_w2
0.24087893895535886,0.05801802084770116,0.9208060432148514,1.7964163751935645,3.8226922088256985,-0.03421162548992207,0.014634190808402366,1.2522292074374353,0.4315,0.05822773767684514,29.296875,0.001231878330840877,3.782659934707066e-05,0.0,0.030706441050270213,0.0,0.2630172924870155,0.1951732429500052,0.5418094645629793,2428.190204145868,1950.0581121052048,8.972089998003126,0.004790758495246551,6.26945038530775,healthy,healthy_023,healthy_023_w0
0.24102483308073833,0.05809165866673303,0.9240939415304191,1.79819836774815,3.8340196307525987,-0.050178879899276385,0.008381699841337216,1.2539038416801795,0.433,0.05828576332261767,29.296875,0.0011310560545655516,3.6551869562450036e-05,0.0,0.03231658538487726,0.0,0.24757816074584432,0.20248693250458058,0.5499349067495751,2466.008975268871,1948.258873489241,9.060242000703749,0.004770066900699219,6.287513561919792,healthy,healthy_023,healthy_023_w1
0.24159443577038583,0.05836601852899295,1.005178451960652,2.0012524705236174,4.1606026593923096,-0.002789716373349904,0.02353012992072023,1.2566079530171181,0.43141666666666667,0.0583300051441249,29.296875,0.0011401702907697245,3.863217200922674e-05,0.0,0.033882808841779515,0.0,0.24765128522071575,0.20439926551543003,0.5479494492638541,2476.1155347465797,1951.0895129291162,9.048929662326678,0.00549792383724012,7.083180308106738,healthy,healthy_023,healthy_023_w2
0.2431913708295304,0.05913676366374995,0.9133408594223906,1.764646962444774,3.7556466592830473,-0.044696643305538686,-0.014117343874442004,1.2530325908626063,0.46908333333333335,0.0591189307449141,29.296875,0.0006199999372163225,1.9024873522395225e-05,1.3669887547236844e-05,0.030685282982145377,0.02204820795403939,0.16481805584279055,0.2363992976777217,0.5987826464794878,2708.5038072113607,1852.1856624229154,9.56150980072153,0.004199299171360034,5.2642775904275165,healthy,healthy_024,healthy_024_w0
0.24290947457138617,0.058984512685840915,0.8911262071925199,1.7560885735741505,3.668552693405279,-0.014458642052340931,-0.02959982671442309,1.2557536051396556,0.47325,0.05818110434411028,29.296875,0.0005852426537561664,1.9136102955740573e-05,1.2920947462571628e-05,0.03269772432498294,0.022077931913614363,0.16596970850766146,0.23204041888742694,0.6019898726049115,2693.2765589816036,1841.715622804029,9.587554417077346,0.006475622545468992,7.994307241851214,healthy,healthy_024,healthy_024_w1
0.24203715190486236,0.0585726695751024,1.0454641078487186,1.958386515913264,4.319436498160661,0.031180923103127256,-0.010367339662513487,1.257818669520706,0.46991666666666665,0.05832152427695611,29.296875,0.0006114825710843896,1.8798775858461602e-05,1.8158424361671337e-05,0.030742946319997754,0.02969573495687635,0.17252417448459034,0.23467535957610375,0.5928004659393059,2670.335890511935,1849.2442425581828,9.555452507724675,0.007171119332674269,8.801559365984708,healthy,healthy_024,healthy_024_w2
0.2265148281479588,0.051308181304985066,0.9697487415509675,1.822278940280516,4.281171124556713,-0.02459894793389683,-0.06785030830347474,1.2518838882717966,0.44016666666666665,0.05186589374923804,29.296875,0.0008473237029317044,0.0,1.973594121322625e-05,0.0,0.023292091493417124,0.24972716685502136,0.2005873657525103,0.5496854673924683,2480.38940096231,1942.5378513610235,9.113829693500012,0.00411921165941128,5.832993054924752,healthy,healthy_025,healthy_025_w0
0.2265152216131182,0.05130825916359259,0.8884362498353714,1.7039499611227387,3.9221922637622835,-0.05130175686743277,-0.05028645035501116,1.2502157131550062,0.44566666666666666,0.0511470454697784,29.296875,0.0007639007863214133,0.0,2.436128639668531e-05,0.0,0.03189064186462983,0.23529604353690975,0.2068615734005876,0.5578423830625027,2526.0093530868485,1934.8176316593033,9.213232663269292,0.007615116214121348,10.72191891589193,healthy,healthy_025,healthy_025_w1
0.22665142206177802,0.05136530685922353,0.8884362498353714,1.7690590870296727,3.919835321365033,-0.020176610771201364,-0.03065276546707139,1.2532800967833542,0.44675,0.05100933599660651,29.296875,0.0008041324922988012,0.0,1.818275631528903e-05,0.0,0.02261164234678462,0.23402714727617993,0.20917847313639978,0.5567943795874203,2523.8930876150876,1937.6221294327008,9.166355913125603,0.006299556213165997,8.594720111423442,healthy,healthy_025,healthy_025_w2
0.22268366470266132,0.04958784322322225,0.9728624165305692,1.7308057704192312,4.368809080942624,-0.07624516059530162,0.0439557256911786,1.245068151099712,0.4236666666666667,0.050282020055012006,29.296875,0.0011507499718177833,0.0001149141084865638,0.0,0.09986018796510558,0.0,0.2875569523101544,0.19411922893310285,0.5183238187567427,2339.393246496201,1964.178221637657,8.812155374612937,0.003805284612513617,5.532614517832617,healthy,healthy_026,healthy_026_w0
0.2218218068228792,0.049198538492793514,0.9728624165305692,1.7931045249105608,4.38578348298904,-0.03246155867919587,0.053241326423343185,1.2476337860265825,0.4325833333333333,0.0492888970830993,29.296875,0.0011127204372514575,0.000100794574901576,0.0,0.09058391625352882,0.0,0.2860193128384272,0.1893320556016439,0.5246486315599289,2376.554731739272,1981.353219298333,8.83797231111967,0.003585778282017911,5.3030575080942635,healthy,healthy_026,healthy_026_w1
0.22332049177614452,0.04987022598999207,0.8202421083799917,1.61315014095206,3.6729370504978056,-0.039609233898734164,0.024048104993076823,1.252938447740559,0.42991666666666667,0.050198626248306906,29.296875,0.0011558362151428037,8.91162228635869e-05,0.0,0.07710108205302824,0.0,0.2857431447669942,0.19295592251512605,0.5213009327178798,2355.546574749268,1966.8083933865253,8.833144405171186,0.004251938018613737,6.131833077616156,healthy,healthy_026,healthy_026_w2
0.20924335604834313,0.0437827589305751,0.890270010734078,1.654814847122084,4.254711009932339,-0.04264970220492881,0.005285059412095417,1.2528023385670763,0.45566666666666666,0.04415867460646349,29.296875,0.0005856949191682417,4.3521424135345144e-05,0.0,0.07430732743447882,0.0,0.2035499037612263,0.20668882202776667,0.589761274211007,2643.1600726652355,1908.0071775244546,9.397535375656481,0.005454612070127246,7.866635539006685,healthy,healthy_027,healthy_027_w0
0.20671484469396645,0.04272828445851738,0.890270010734078,1.718831971987361,4.306754128142511,-0.031867882008792314,-0.016414273488865955,1.2490152671430423,0.44925,0.042924408219171414,29.296875,0.0005889454797479816,4.243385514667968e-05,0.0,0.07205056597910854,0.0,0.2086297466408802,0.22738131042670498,0.5639889429324147,2563.474696678216,1901.3501516456113,9.370836508365105,0.0036831712031062413,5.561965151369354,healthy,healthy_027,healthy_027_w1
0.2065939934973704,0.042678332740809385,0.828561961253283,1.5597661759603785,4.01058107850473,-0.05763034495028441,-0.03900491445590294,1.2491857370332866,0.4549166666666667,0.042509321848865134,29.296875,0.0005422569060454832,4.091298212454625e-05,0.0,0.07544944410742935,0.0,0.19793698428605472,0.2278415829894786,0.5742214327244667,2628.27056832412,1910.9500962461434,9.42110763732725,0.004421579220149849,6.606980611563876,healthy,healthy_027,healthy_027_w2
0.1795417526567522,0.0322349952384108,0.7884918606817816,1.5625317381951813,4.391690785091197,-0.00015160186275098297,0.06835958005268018,1.249073438768481,0.43316666666666664,0.03230787586909459,29.296875,0.0006220202806092424,0.0,0.0,0.0,0.0,0.2793271058562603,0.19488953591098968,0.5257833582327501,2358.71471513831,1952.0601050003397,8.951834846217178,0.003271543840111093,5.830104273464638,healthy,healthy_028,healthy_028_w0
0.180168823378732,0.032460532925573854,0.7355430720056255,1.4107365806928076,4.082521371965915,-0.05517678843149065,0.05789273881432196,1.2489588286924798,0.4345833333333333,0.03272337559655652,29.296875,0.0006454261620052357,0.0,0.0,0.0,0.0,0.28615780486514797,0.18747126442252052,0.5263709307123315,2366.128599294759,1968.97741642416,8.907292454303912,0.002786572906651623,4.969145544918549,healthy,healthy_028,healthy_028_w1
0.17930875577970967,0.032142927182086674,0.6751935086871821,1.3135325302650944,3.7655356301545764,-0.10548375808398669,0.040097168757675807,1.2454330808794478,0.4261666666666667,0.032151895773120644,29.296875,0.0006543869135320583,0.0,0.0,0.0,0.0,0.2905517282611311,0.1946453881315919,0.514802883607277,2330.4941849520133,1964.9599086986495,8.862164705439685,0.0030093923239458645,5.447991221732685,healthy,healthy_028,healthy_028_w2
0.17363583236810531,0.030149365674050056,0.64317369785956,1.2159827755503367,3.704153048870936,-0.28310114947867104,-0.06949187402647194,1.2320424396021163,0.33641666666666664,0.03030446916450666,29.296875,0.0,8.999170360240522e-06,9.06075762711904e-06,0.0,0.0,0.4761094099843752,0.14163249149178225,0.3822580985238425,1747.2893815225916,1990.333206263197,7.211942615312403,0.0034402577738839664,7.581605196368536,healthy,healthy_029,healthy_029_w0
0.17291621954878186,0.029898102353232127,0.5834111671148814,1.1608439110885596,3.3739528231490956,-0.27960165258581915,-0.04634745144366611,1.2327864075201842,0.3388333333333333,0.030096556856961748,29.296875,0.0,8.286857910974168e-06,3.819123333423718e-06,0.0,0.0,0.47872461278430695,0.13728277271943742,0.38399261449625555,1741.256401275371,1982.3728646836792,7.187798697338297,0.0030108996725173617,6.603926923945953,healthy,healthy_029,healthy_029_w1
0.17184170918917774,0.029529017068895925,0.5954029205523702,1.1728356645260485,3.464833557357724,-0.23633242559692258,-0.04849491201397374,1.2378825460708431,0.34275,0.02953769297471945,29.296875,0.0,9.079841711389623e-06,5.1432273566152024e-06,0.0,0.0,0.46654231909290694,0.1405016330642574,0.39295604784283555,1779.409168040638,1983.5245184652408,7.294158440264165,0.004083869246169616,8.958298607123709,healthy,healthy_029,healthy_029_w2
0.12872789008420163,0.016570765501513023,0.49389570842683445,0.9488193471683479,3.836742046372193,-0.07335608796887128,-0.020871231232749483,1.246764449803174,0.40741666666666665,0.016703046471086704,29.296875,0.0003908576312548786,0.0,1.2695162125619764e-05,0.0,0.032480271869992576,0.3367273910474126,0.1833683490325362,0.4799042599200511,2184.599415955044,1988.6841750691622,8.551140305129502,0.002577647187109374,6.619357814479765,healthy,healthy_030,healthy_030_w0
0.12842814957431897,0.016493782019191404,0.5019231829096291,0.9568468216511425,3.908202248286506,-0.11623405969242961,0.0012859930149840724,1.2449131719319444,0.40791666666666665,0.01645442122076756,29.296875,0.0003862700293737399,0.0,1.3511605560593404e-05,0.0,0.034979689163303164,0.3376078265572831,0.17878898469731055,0.4836031887454064,2187.482813139114,1986.0829279044308,8.561109910463125,0.003986319631700439,10.309932635947883,healthy,healthy_030,healthy_030_w1
0.12743503004809295,0.016239539067309714,0.5019231829096291,0.9630792528503845,3.9386594307719576,-0.06398634598682129,0.008542574649177464,1.2512542482893376,0.40825,0.01625812796197018,29.296875,0.0003759684870596918,0.0,1.3961402378052877e-05,0.0,0.037134501583469814,0.34192852576889554,0.1744431652020363,0.48362830902906817,2177.610096196796,1983.184797113998,8.569326145721448,0.003981526692328338,10.39480217084622,healthy,healthy_030,healthy_030_w2
0.1350431901295894,0.018236578045997695,0.5472392198808468,1.0476422168795587,4.052327402482925,0.008572683315800855,0.08874127915667378,1.252067899517507,0.4096666666666667,0.018051199323743935,29.296875,0.0,0.00010410047240282372,1.4952880212737904e-05,0.0,0.0,0.3308199677438438,0.1770440391669545,0.4921359930892017,2213.540366739503,1987.9900120314269,8.619110293110962,0.003907360174005436,9.48079200613003,healthy,healthy_031,healthy_031_w0
0.1345236600688993,0.01809644349983406,0.5128399791826943,1.0231037729592185,3.812266027552565,-0.04108561191090887,0.06650431376902191,1.2489009773780453,0.41025,0.018157397471812716,29.296875,0.0,0.00010445174983469434,1.5220923923862259e-05,0.0,0.0,0.325499772058572,0.18031445692928236,0.4941857710121456,2213.635346224987,1978.0051499117058,8.654788944291116,0.003556954553321424,8.556759056296515,healthy,healthy_031,healthy_031_w1
0.1328236113027272,0.017641279880469162,0.5102637937765242,0.9797512204928158,3.84166481224146,-0.07103161147137182,0.05727173015360209,1.2478628196470818,0.4103333333333333,0.01790921413468282,29.296875,0.0,9.853773735815568e-05,1.5728543650403113e-05,0.0,0.0,0.32668583590607786,0.18285138052647323,0.4904627835674489,2206.086969875084,1976.507385401305,8.669455292383969,0.0035414148744558477,8.706825903628786,healthy,healthy_031,healthy_031_w2
0.2691309121552755,0.07242231476514462,1.0794676354250083,2.0844430059234997,4.010938865328884,-0.06709835441672984,0.008602560774150104,1.2510909918355562,0.44083333333333335,0.07259298577750391,29.296875,0.0012104774072841907,1.4030991118597712e-05,1.952024678458081e-05,0.011591287069188211,0.01612607279335857,0.2176823566227177,0.22202384444999843,0.5602937989272839,2523.1543275101562,1899.6279606970988,9.235568043621614,0.005993437551083968,6.790801217020077,healthy,healthy_032,healthy_032_w0
0.2698276403523084,0.07280670314761728,1.17627564691066,2.3438944912705235,4.3593593501941506,-0.0025144908677638966,0.005926204978547177,1.2512588002836738,0.44875,0.0718943715071991,29.296875,0.0011686590272408162,1.5411495706876285e-05,1.1590589560547e-05,0.01318733295823895,0.009917853959432617,0.2096223625509845,0.21292143802416397,0.5774561994248515,2575.171024261989,1888.107323423988,9.265673248517363,0.005088828496440596,5.75377535414651,healthy,healthy_032,healthy_032_w1
0.2700988698040297,0.07292113361131398,1.17627564691066,2.3438944912705235,4.354981743404211,-0.04241006309774642,-0.0031131432393190117,1.2507878379739115,0.4434166666666667,0.07298237964820256,29.296875,0.001263229570106408,1.768227792842752e-05,1.7329120117114846e-05,0.013997675756543645,0.013718108352747891,0.22225800885118258,0.20864068326213797,0.5691013078866795,2551.859385812109,1915.1777461127683,9.214970292652149,0.00510971284196375,5.801161373907768,healthy,healthy_032,healthy_032_w2
0.1945614392941611,0.03785213401422033,0.8267665236034752,1.4879481035742534,4.249385318092099,-0.02070834799434751,0.11222779773787867,1.2497419128722431,0.399,0.03795139381989608,29.296875,0.0011181456461863048,0.0,1.398536402687898e-05,0.0,0.012507640730507075,0.3755515728745395,0.1682495055053251,0.4561989216201354,2062.0300948965323,1996.5205057243825,8.183273764472652,0.0045722676606895305,8.133140134974665,healthy,healthy_033,healthy_033_w0
0.19282691551800019,0.037180206501121374,0.7514613952486021,1.4126429752193803,3.897077299763445,-0.0822197911593836,0.09641775670669694,1.2447922490539391,0.39016666666666666,0.03718783836126453,29.296875,0.0010698451576226955,0.0,1.8478294131422196e-05,0.0,0.01727193323235938,0.37241953425819363,0.17460414354830175,0.4529763221935046,2057.850821521137,1988.1937470530017,8.233636274132305,0.004474120842292418,8.02687162340545,healthy,healthy_033,healthy_033_w1
0.19377715465166295,0.03754888104633512,0.7514613952486021,1.3692369287880561,3.877966918233688,-0.10448693937540421,0.1066129813791807,1.2456415581531575,0.37575,0.03748663233559852,29.296875,0.001151339380919231,0.0,1.732892704392132e-05,0.0,0.015051102508181282,0.3886748142003049,0.16765855998433912,0.443666625815356,2010.5610918275531,1979.4101279251104,8.083220763532122,0.004219067177510393,7.595362891095224,healthy,healthy_033,healthy_033_w2
0.1439982619583557,0.020735450365574986,0.5598790116145959,1.1175263628840004,3.8880956200465318,-0.06115966894375591,-0.0006229141514049883,1.2520345002209359,0.4439166666666667,0.020753961703154022,29.296875,0.0003496008475473493,3.168984327939327e-05,2.1382942953315175e-05,0.09064578504805042,0.0611638761843079,0.23399405522700176,0.2082173755115475,0.5577885692614508,2507.6050362011742,1926.0189537343692,9.214159671820614,0.002338822798157745,5.10783666877752,healthy,healthy_034,healthy_034_w0
0.14479108530569543,0.020963993485902853,0.5598790116145959,1.1175263628840004,3.8668058218676307,-0.006520953788502926,0.006275355528719406,1.2550250714531563,0.4425,0.02092031078548278,29.296875,0.00036193240376977654,3.965941723285759e-05,2.0120833488106072e-05,0.1095768624742557,0.05559279378838054,0.2401157003639227,0.20733901235616037,0.5525452872799169,2491.8185432873215,1937.9374533059588,9.170776077854306,0.0029022053596064095,6.354583971503376,healthy,healthy_034,healthy_034_w1
0.1455349317790779,0.02117884528295383,0.5847990661160974,1.1480455285902447,4.018272857019803,-0.010322455359134786,0.011896411193312712,1.252530860938229,0.4464166666666667,0.021229668780027886,29.296875,0.0003722093347197666,3.6034113096770245e-05,1.6607208818099495e-05,0.09681141695143149,0.044617926712136144,0.23867121410939582,0.20134201648885144,0.5599867694017528,2535.9633037503204,1953.5387483930429,9.168922317809477,0.004406502555279361,9.630052233086062,healthy,healthy_034,healthy_034_w2
0.28072291377324216,0.07879616500730624,1.0999816693079079,2.1164223288703745,3.9183893274791006,-0.008650806996299387,-0.026059751786403348,1.2567920340982306,0.46591666666666665,0.07949603363781942,29.296875,0.000946258844460476,8.490453468666667e-05,0.0,0.0897265427781299,0.0,0.18672447077108828,0.21996896543596936,0.5933065637929424,2696.0341359967747,1904.596726431796,9.472339327518231,0.010276954304870248,11.248232397831696,healthy,healthy_035,healthy_035_w0
0.2813253796382283,0.07911126703559505,1.0999816693079079,2.1794347953688638,3.9099979913736704,-0.0055904165380979975,-0.023780789456427687,1.2564003768790748,0.46375,0.07919937453571405,29.296875,0.0009254366417762774,9.95265847842996e-05,0.0,0.10754554152218232,0.0,0.1921371595154139,0.21609120037172572,0.5917716401128603,2664.9882444263735,1880.2188212932479,9.47140098820184,0.009391806871252864,10.063107864577697,healthy,healthy_035,healthy_035_w1
0.28159894642738376,0.07929700731154622,1.2548389619536926,2.3342920880146485,4.456120940343359,-0.04064957236222533,-0.018771435646318526,1.2517889292449056,0.46258333333333335,0.07983592280217794,29.296875,0.0008265439759940542,0.00010849032378065756,0.0,0.1312577756678708,0.0,0.184155931912052,0.2208697772365683,0.5949742908513797,2645.651855941415,1849.6665334611669,9.526822378268639,0.0058391811097878756,6.115320010034219,healthy,healthy_035,healthy_035_w2
0.16810643549182075,0.028259194665919057,0.64372065448805,1.2239166317863992,3.8292445652348057,-0.11223725118846639,0.07180369758953996,1.2483419705121974,0.37275,0.028225026906464723,29.296875,0.0010204007536893669,6.57384442246594e-05,1.2397741148987356e-05,0.06442414314863558,0.012149874550917384,0.3977231586280266,0.16332334281173388,0.4389534985602395,1980.9713044367186,1984.423643279945,8.00548173673522,0.002585216802131439,5.482494235106034,healthy,healthy_036,healthy_036_w0
0.16603644475369475,0.027567853858845276,0.5989325193187994,1.1189897223203822,3.6072352681803106,-0.13414253023683376,0.10471310852548699,1.246409181871638,0.37783333333333335,0.027432729437841953,29.296875,0.0009560040898411802,7.091543069016523e-05,1.3752400828956231e-05,0.07417900346215708,0.014385294974251525,0.3916152701717751,0.1675602642825013,0.4408244655457235,1995.002930319645,1980.259910740578,8.077289356400087,0.0033834884784350394,7.189549896312834,healthy,healthy_036,healthy_036_w1
0.16561274070706208,0.027427456625839067,0.6310376842709902,1.1581090890978059,3.8103208821788512,-0.13844964541354843,0.10825222552544028,1.2434859119126598,0.37533333333333335,0.02709990605728272,29.296875,0.0009812532542928403,6.257765613699374e-05,7.446155585120155e-06,0.06377319602582268,0.007588413646063651,0.3917777553058278,0.16740128707061186,0.4408209576235604,1995.738639258379,1981.0003623042787,8.022183863429174,0.002723055600659847,5.771426825576637,healthy,healthy_036,healthy_036_w2
0.18807529152584884,0.03537231487212489,0.738845236172256,1.4253121858055933,3.928454557629703,-0.007584159476833996,-0.01503398329212133,1.2512273150502704,0.4673333333333333,0.03575452426422082,29.296875,0.0002919977720605508,3.883414941368681e-05,9.709092613995792e-06,0.13299467711566604,0.033250570870734054,0.15601652922138612,0.2437234857264862,0.6002599850521276,2711.5061208745524,1838.1715608104769,9.648032866812585,0.0027285325708967818,4.3106494369176955,healthy,healthy_037,healthy_037_w0
0.1872276827525644,0.035053257290745314,0.738845236172256,1.435175686013344,3.9462392810185873,0.022912937812010092,-0.027316557356720225,1.253365031510011,0.46975,0.03512261299310284,29.296875,0.000290750841720529,4.082301733547596e-05,1.4754375124270864e-05,0.14040550009727995,0.05074576925370636,0.15705923708905606,0.2414265896257492,0.6015141732851947,2725.3397673786067,1840.7313403780283,9.634818357471975,0.0030428602021741083,4.893235735416276,healthy,healthy_037,healthy_037_w1
0.18635917748495653,0.034729082151443234,0.7474159424817529,1.4437463923228409,4.010620526279617,-0.004086007732977404,0.000482132673492131,1.2542979031332944,0.47441666666666665,0.03459509144538617,29.296875,0.0002827679596236697,2.9930026781808528e-05,8.268983308995295e-06,0.10584659882131557,0.029242999525124137,0.15386900366768821,0.22898729577823976,0.6171437005540719,2771.3486930642857,1839.7462413569065,9.6504217568217,0.0037288784570349343,6.142298647918962,healthy,healthy_037,healthy_037_w2
0.1619706526400329,0.02623392603453957,0.6395677448023933,1.2293668068896382,3.948664368376551,-0.16022035986361916,-0.0527582061406056,1.2432683267988702,0.3815,0.026093108302006632,29.296875,0.00095326520954071,1.5193082511831692e-05,1.7604254192710307e-05,0.015937938739159302,0.018467320548908067,0.3831245001187467,0.16657088085603497,0.45030461902521834,2023.7710145203916,1981.694941952016,8.044590732518321,0.004251129706690197,8.978142242100228,healthy,healthy_038,healthy_038_w0
0.16375146993978096,0.02681418613689189,0.6395677448023933,1.2416337890960711,3.905722159548199,-0.14680650953844454,-0.07075045261340045,1.2422936512381149,0.37583333333333335,0.026714092152950328,29.296875,0.0009900178560486427,2.07857143965931e-05,1.8081519776223173e-05,0.02099529242790933,0.018263831976112126,0.3890714479752382,0.1697462402664807,0.44118231175828115,2002.6723983201307,1987.7223351562343,7.992962523620172,0.0036752937759735632,7.6611400177668445,healthy,healthy_038,healthy_038_w1
0.1632011446667033,0.026634602994428425,0.6020660442936778,1.2032132151654713,3.6891042983996476,-0.1878723042250301,-0.07293045478145252,1.2406735240728968,0.3755,0.026669892492117247,29.296875,0.001009924272789911,2.1989454580208883e-05,2.388586396706795e-05,0.021773369719556415,0.02365114356652045,0.39889625350842906,0.1601921162462354,0.44091163024533553,1990.808958357436,1996.5984800799595,7.91750137871427,0.003798137241605307,8.140434341119175,healthy,healthy_038,healthy_038_w2
0.15102985157305093,0.022809349463414945,0.541108698903247,1.0186339742547799,3.582793025798086,-0.38016211980488235,0.08817100848737852,1.2271842631293732,0.28941666666666666,0.02265272488812064,29.296875,0.00124744085523652,1.6962981834939155e-05,0.0,0.013598225329667356,0.0,0.5372687660372856,0.1263023508694771,0.3364288830932372,1519.5959963905382,1912.8498417254239,6.6536893747660795,0.002673113784526294,7.123197882894843,healthy,healthy_039,healthy_039_w0
0.15177568885925913,0.023019782790430716,0.541108698903247,1.0366765647037517,3.5651869081945957,-0.4097489405260002,0.05620391278501493,1.2235594571708137,0.2843333333333333,0.022800647363953635,29.296875,0.0012765770901265283,1.828118549944834e-05,0.0,0.014320471235807932,0.0,0.5504171576841386,0.12429829748696203,0.32528454482889957,1485.7939610252222,1914.1529698521763,6.574542962180114,0.002374939516885332,6.343540153468821,healthy,healthy_039,healthy_039_w1
0.15144296361423995,0.02293427982594103,0.5105650579584214,1.015843256994033,3.3713356221616744,-0.4049713680484932,0.06508563804389356,1.2241954636582173,0.27608333333333335,0.02280831448306036,29.296875,0.001275429337423474,1.859789227073885e-05,0.0,0.014581672010390562,0.0,0.5535959927041598,0.12070354816414576,0.32570045913169443,1473.001655931968,1906.6246575220823,6.5531138043446315,0.003018720549016959,8.103611410347165,healthy,healthy_039,healthy_039_w2
0.3142208008072552,0.09873038162850295,0.9962552746346216,1.923606337586856,3.1705580027648463,-0.7711144220787118,-0.15769026947833964,1.1859024797400712,0.17625,0.09838819394814613,29.296875,0.00778307625845606,0.00014639114522171367,0.0,0.018808905419969955,0.0,0.751839171173808,0.067665338489618,0.18049549033657394,830.8584587737099,1590.0847531843272,4.546995647471749,0.006486624378149832,11.030028252301049,imbalance,imbalance_000,imbalance_000_w0
0.3136446497337082,0.09837278636987355,0.9962552746346216,1.923606337586856,3.176382174797071,-0.7048335234299024,-0.18072810990777485,1.18970302652082,0.17775,0.09852815643977604,29.296875,0.007702941479113812,0.00012652960154671083,0.0,0.01642614083071906,0.0,0.7414106171687118,0.07093040107472644,0.18765898175656168,870.8494616231429,1628.1521801106526,4.647612712331005,0.005113182515521918,8.80266780728461,imbalance,imbalance_000,imbalance_000_w1
0.3158411480820212,0.09975508793594277,0.9724291370743583,1.9192807968449401,3.078855123784653,-0.7241106499058154,-0.18436754862374094,1.1894170253967142,0.1755,0.09996420845644839,29.296875,0.007910573005535517,0.00010863304620721056,0.0,0.013732639358892624,0.0,0.7478700864305765,0.06694076667289793,0.18518914689652557,850.1127752034538,1610.1782393392298,4.5718615929391095,0.0039918144949810256,6.8633707617261495,imbalance,imbalance_000,imbalance_000_w2
0.2732990432470345,0.07466128054920375,1.006308614682328,1.9613573431185682,3.68207880542314,-0.19598253485167172,0.024730846352334305,1.2422226137829036,0.3605,0.07458023013660976,29.296875,0.003036801807172595,4.090989155225519e-05,4.682407954912812e-05,0.013471373553463544,0.015418878979370583,0.4127165333026835,0.16027943599265634,0.42700403070466014,1936.345168809905,1994.2899937336,7.733607002472438,0.006520492366514683,8.579431687549263,imbalance,imbalance_001,imbalance_001_w0
0.27461481720452297,0.07541056521568028,1.006308614682328,1.9285001172076925,3.664436700561814,-0.2156000733921939,0.02139026781082366,1.2410135665257371,0.35883333333333334,0.07573132786422318,29.296875,0.003064641792225449,3.672214720243197e-05,5.779898784608887e-05,0.011982525101494968,0.01885994898089444,0.4231119739338805,0.1556451558707012,0.42124287019541834,1899.3679663259754,1978.4519422331473,7.716765893152542,0.00500086896766527,6.6243091243374925,imbalance,imbalance_001,imbalance_001_w1
0.2728885336586432,0.07446693479810756,1.0049791478110808,1.871157245479344,3.682745970808034,-0.22942670765092155,0.05340122322495526,1.2380214033840813,0.35791666666666666,0.07456331688060092,29.296875,0.0030549794061428505,3.8935443398234286e-05,5.280214641053744e-05,0.012744911903479348,0.017283961490661654,0.4301698642982624,0.15665133130974315,0.4131788043919945,1868.1317991027597,1978.747881128736,7.696055306954798,0.0036027345698017234,4.776876731873237,imbalance,imbalance_001,imbalance_001_w2
0.2750743559143743,0.07566497587739196,0.9264723867225588,1.7743942835612347,3.368079818428996,-0.5013305725148176,-0.10366737586574784,1.214507173668812,0.25625,0.07548054222979891,29.296875,0.00475152679334958,0.0001142116925400865,2.358607128236633e-05,0.02403684068454409,0.004963893145962747,0.6016594097432558,0.10955334521909213,0.28878724503765196,1328.9316266354533,1871.98682953037,6.089761660546371,0.005059779926870726,8.09643523757366,imbalance,imbalance_002,imbalance_002_w0
0.2756461399668919,0.07596181753683741,0.9439200335834791,1.8460098652538803,3.4243905381619135,-0.5144959722884948,-0.12029911179941942,1.2141305902144217,0.25275,0.0755186986991468,29.296875,0.004825981713281579,0.00010011508020692698,1.9319797734725963e-05,0.02074501855889764,0.004003288632767913,0.6076467303506101,0.10526719668228153,0.2870860729671083,1316.7676789046373,1874.0831195946782,6.025484341404642,0.0029373222157795796,4.809230148164755,imbalance,imbalance_002,imbalance_002_w1
0.2772620032991946,0.07686963680939561,0.9439200335834791,1.8460098652538803,3.404433432463124,-0.49910181944033294,-0.12327889173358991,1.2126484568479126,0.251,0.0770706732761455,29.296875,0.004952431166065829,9.952555463603005e-05,2.684987104249263e-05,0.02009630246210819,0.005421553605119958,0.6121460491213802,0.1041759310309167,0.28367801984770313,1300.0276698990854,1861.9902586783592,5.976637165377406,0.006423816466842824,10.405672212875173,imbalance,imbalance_002,imbalance_002_w2
0.4178992819609646,0.17460148601255682,1.5539543786915797,2.890309298818887,3.718490185960005,-0.4772304909338785,0.15300927435784567,1.214910946906173,0.24308333333333335,0.17570880097686195,29.296875,0.011911157560555502,0.0003785312839973638,3.768343871763439e-05,0.03177955476392088,0.0031637091966968275,0.6500745392597123,0.09219599418927704,0.25772946655101064,1165.8865652622703,1793.3506735692465,5.6485450451343695,0.005245875304099928,5.75926688279349,imbalance,imbalance_003,imbalance_003_w0
0.41669488218177764,0.17353157194936375,1.5154959136786967,2.851850833806004,3.636943909038896,-0.4653653825806643,0.14898442675393878,1.2173835635479653,0.24733333333333332,0.17414103155483554,29.296875,0.011806505380674083,0.0003394110839924411,6.849256112742658e-05,0.02874780242323175,0.005801256080358984,0.6512658676341591,0.09190366638113696,0.2568304659847039,1166.2544972762835,1797.1556128857749,5.628610821639965,0.0053753530695712735,5.878157610847222,imbalance,imbalance_003,imbalance_003_w1
0.4179457749745648,0.17463364924879934,1.5154959136786967,2.9051068567906473,3.626058700487943,-0.4399261986170897,0.15100966096040477,1.219532060843009,0.25125,0.1729015646144729,29.296875,0.011504648623461362,0.00032443421535759023,7.25254742673267e-05,0.028200271557705246,0.0063040147197043405,0.6440475278585226,0.09495627578578458,0.2609961963556929,1192.3102242475245,1812.5672733608553,5.725311958497,0.006367644970111223,7.031655096938295,imbalance,imbalance_003,imbalance_003_w2
0.2673883654818333,0.07149355726924711,0.9661427060541619,1.8844217140144366,3.6132563371378352,-0.18690585764557,-0.055177564076858726,1.239297450990628,0.39816666666666667,0.07186477112332071,29.296875,0.0020628992126471716,0.0,0.0,0.0,0.0,0.33905902963479145,0.1748194143938218,0.4861215559713866,2170.5606625806,1972.4978699462715,8.448486866521293,0.007482837704975167,9.441535586652295,imbalance,imbalance_004,imbalance_004_w0
0.26573396177125486,0.07059616224273443,1.0730547060038207,1.9913337139640954,4.038078907382985,-0.13073735034371436,-0.084447726403907,1.24254295715192,0.39891666666666664,0.0706860844577284,29.296875,0.001988602900902519,0.0,0.0,0.0,0.0,0.3304828501699063,0.17748495565456693,0.49203219417552685,2210.117076551228,1981.4821778437713,8.474579684716637,0.004705732544637083,5.949936916443503,imbalance,imbalance_004,imbalance_004_w1
0.26825527309084785,0.07196049275401026,1.0759465153127277,2.0619027453270706,4.010905369783153,-0.07607240396035975,-0.10867776789289509,1.2472441239257381,0.39725,0.07173627346481158,29.296875,0.002094674631542043,0.0,0.0,0.0,0.0,0.3348582483888641,0.1812907536750292,0.48385099793610675,2199.46540905385,1992.5053743381625,8.40964031607336,0.0031981820171885366,4.0698717017757815,imbalance,imbalance_004,imbalance_004_w2
0.325954677556849,0.1062455717047955,1.1416983209379468,2.2092597586669696,3.502629044919369,-0.6699220071111704,-0.006160301069753129,1.1953075812633598,0.21025,0.10626835017828522,29.296875,0.007466841682465021,1.2324033582424365e-05,0.0,0.0016505015248101315,0.0,0.6670381903775111,0.08785408464355195,0.24510772497893682,1120.4477512670528,1781.59570058952,5.375898464893248,0.0033179821718938504,4.843799715865632,imbalance,imbalance_005,imbalance_005_w0
0.32416154611407505,0.10507697635562241,1.0675614377290228,2.0634392108017554,3.2933006722313056,-0.6690034859534126,0.0003088999267121751,1.1958912503435828,0.21175,0.10445974939819666,29.296875,0.007354479157186502,1.786506291208515e-05,0.0,0.002429140463961765,0.0,0.6612796315502946,0.09083720331197348,0.247883165137732,1140.081973655109,1793.963559236213,5.403460157782149,0.0030227617652201838,4.506802929950233,imbalance,imbalance_005,imbalance_005_w1
0.32552101182466614,0.10596309040998994,1.0414878682045658,2.0373656412772987,3.1994489767853684,-0.6722440118447905,0.0017332774203241157,1.195337432169928,0.21766666666666667,0.10604437851157099,29.296875,0.007421316560254248,2.1469538577359665e-05,0.0,0.002892955502308358,0.0,0.6637813839224024,0.08777245829911805,0.24844615777847964,1143.4978058145778,1802.5458311058503,5.421393676349997,0.0038642965033377596,5.647166444733963,imbalance,imbalance_005,imbalance_005_w2
0.3654959029744792,0.1335778033126071,1.0128375394567253,1.9702845010068288,2.7711324017972556,-1.061967098194999,0.021841594885386607,1.1506784212828616,0.11758333333333333,0.13279881130041554,29.296875,0.012022564366465713,4.0716715104329946e-05,0.0,0.003386691379910614,0.0,0.8317204355532504,0.04676699728442504,0.12151256716232453,576.6137188083062,1373.046883901926,3.5818617673483693,0.003602463457262632,6.708262914924694,imbalance,imbalance_006,imbalance_006_w0
0.3667127119920777,0.1344740324578022,0.9849961137276806,1.943906016487479,2.686015732525138,-1.062587946075186,0.0448096471606764,1.1500018809083012,0.11208333333333333,0.13462484571333302,29.296875,0.012224670009287028,4.54454661086798e-05,0.0,0.003717520888020297,0.0,0.8353974657096762,0.04509310140082692,0.11950943288949692,564.1551288799259,1359.5850375726259,3.5404961414059395,0.0032936579802211436,6.027447017612398,imbalance,imbalance_006,imbalance_006_w1
0.3678770373975321,0.13531655657552413,1.0865225874640931,2.0472906846221437,2.9534939042416624,-1.0679210305560107,0.07128384585693327,1.150187810096432,0.11941666666666667,0.13563630004170732,29.296875,0.012275280026001076,5.026312356217267e-05,0.0,0.004094662073346356,0.0,0.8326726577030549,0.045710409722694176,0.1216169325742509,574.1129875805124,1373.558132582819,3.578544922472286,0.0038044176976145838,6.921777095824146,imbalance,imbalance_006,imbalance_006_w2
0.21082480506326556,0.044447022009580416,0.6965893815670887,1.292690909865359,3.304114908860236,-0.6383429258473594,-0.08873411684083268,1.2013095323007936,0.1885,0.044614779370260864,29.296875,0.0034482407588654423,9.161868091853525e-05,6.400772233920059e-05,0.02656968794391262,0.01856242844257219,0.7352395952634738,0.07081331325527446,0.19394709148125167,889.0762229403463,1632.2471740966946,4.820699617257752,0.0028349671901268993,7.058737180640505,imbalance,imbalance_007,imbalance_007_w0
0.21232772897085778,0.04508079034521893,0.6965893815670887,1.3415947022043686,3.2807273215958355,-0.6534907297039529,-0.11419323000075961,1.2005791219255224,0.19841666666666666,0.04504075526377503,29.296875,0.0034803869874555768,0.000102851717702195,6.236721114322264e-05,0.029551805035734634,0.017919619676781327,0.7340670845561894,0.06958876196533212,0.19634415347847828,897.2932994539641,1643.3130337648063,4.834990599323888,0.0021393185124839965,5.330662824735634,imbalance,imbalance_007,imbalance_007_w1
0.21384902163242756,0.0457284355144641,0.6474588262827972,1.292464146920077,3.027644556614694,-0.7272378218288194,-0.12093995192393438,1.1949970346500025,0.20541666666666666,0.04597379802458906,29.296875,0.0035338928863425114,9.837418803802153e-05,6.577196556419903e-05,0.027837342896896995,0.01861175980131965,0.7300157578840991,0.07296742257407654,0.1970168195418244,907.6614537786528,1652.3509140123847,4.8699474041143835,0.0015511186760629695,3.842894341064332,imbalance,imbalance_007,imbalance_007_w2
0.33122907598478724,0.10971260098213982,1.0527029137328248,1.9667002420433344,3.1781718153909093,-0.8427299296522661,-0.11725258722544395,1.178064533340496,0.15175,0.11028014697948256,29.296875,0.009300200536755636,9.663207055490866e-05,3.0503599193340204e-05,0.010390321173506505,0.0032798861780222806,0.7749910498454593,0.06048171309474788,0.16452723705979275,767.8295348557737,1553.2579959216912,4.269265827849448,0.002877007878838492,5.057975864270625,imbalance,imbalance_008,imbalance_008_w0
0.3324278793590931,0.11048492196013819,1.0527029137328248,1.989441271731024,3.1667106734922217,-0.8543815237291037,-0.1026728442987539,1.1767074148023948,0.15325,0.11025382423061914,29.296875,0.009308545210942872,0.00010937097500414414,2.1832992671981927e-05,0.011749523961657361,0.0023454785014435614,0.7752006262717023,0.061520518116605624,0.16327885561169206,758.0048238884847,1535.4625320335058,4.27431973650576,0.003913449493535823,6.720464974251791,imbalance,imbalance_008,imbalance_008_w1
0.332466729192923,0.11052280059165631,1.0199949290200794,1.9567332870182785,3.0679609099417555,-0.8593084154881785,-0.10720485806934367,1.1766364075008544,0.15983333333333333,0.11055256598938404,29.296875,0.009298364038141542,0.00014293764863670342,3.231357829692874e-05,0.015372343785463607,0.003475189631679256,0.773659115801778,0.059403517633819056,0.16693736656440283,768.678518890461,1544.6729315620846,4.286154650207132,0.004174178687566609,6.994696120672268,imbalance,imbalance_008,imbalance_008_w2
0.42935929315799737,0.18434462868482968,1.5038518132384735,2.715434654712565,3.5025486514509425,-0.7032004202065938,0.14948565820014462,1.1919351173804509,0.1865,0.1834948091609375,29.296875,0.014086365463182798,0.00030550071866961893,2.1790433865322846e-05,0.02168768938077739,0.001546916692050621,0.7170431385677162,0.07904912893857668,0.20390773249370703,942.8813452932052,1668.5293198125141,4.925040817680113,0.006074997053003106,7.310408363935238,imbalance,imbalance_009,imbalance_009_w0
0.42436445782513094,0.1800845462652929,1.4653893080499707,2.6575240898577714,3.4531386430430464,-0.7080923782135486,0.15603956379974623,1.1910766273914584,0.18683333333333332,0.18050419366017642,29.296875,0.013859822720863746,0.00027450131980398827,2.329073190899364e-05,0.019805543355960135,0.0016804494817912186,0.7141505335222402,0.078944437375258,0.20690502910250183,960.0232950818639,1687.859611106557,4.938428504686728,0.005765642707179547,7.0078095341334885,imbalance,imbalance_009,imbalance_009_w1
0.4252729825486283,0.18084954445611262,1.2749021129487375,2.467036894756538,2.997844126632139,-0.703902153034031,0.16115632533830587,1.1914336991277494,0.19275,0.1811029328503997,29.296875,0.013917249265009032,0.00026499686053112616,2.45570093154994e-05,0.019040893461424555,0.0017645016517194257,0.711776113570772,0.07844777356284871,0.20977611286637934,964.2979377621607,1685.9510718387771,4.939397057473048,0.005672474612866715,6.843283709930429,imbalance,imbalance_009,imbalance_009_w2
0.32186717292144135,0.10359716210256943,1.0782929631859286,2.1362910610362063,3.3501178557563227,-0.5800368970088967,-0.09080139997652303,1.2083846207072702,0.23491666666666666,0.10453732115638262,29.296875,0.006349024798514709,0.0,5.486276622273787e-05,0.0,0.008641132766652994,0.633697696465787,0.09633288686293759,0.2699694166712754,1226.9662220171747,1828.236439668505,5.744924398802823,0.004949685519253099,6.831519529057676,imbalance,imbalance_010,imbalance_010_w0
0.31904296372240626,0.10178841129343157,1.0782929631859286,2.1362910610362063,3.37977352832057,-0.5669161381199102,-0.0903852485153789,1.2084174998877375,0.23141666666666666,0.10114933030437032,29.296875,0.0061493321933412575,0.0,3.910316420759095e-05,0.0,0.00635892857600593,0.6351295094522011,0.0988681624989491,0.26600232804884977,1214.2757637255825,1817.4672932110223,5.742524585763526,0.0035901874415102467,5.09975645263641,imbalance,imbalance_010,imbalance_010_w1
0.31911151074168476,0.10183187076147442,1.0731850560280118,2.117225807939797,3.3630408803922354,-0.5626108197727504,-0.08765661513249476,1.2049906879606225,0.2355,0.10112167327083574,29.296875,0.006103821149013594,0.0,5.221661710335141e-05,0.0,0.008554742321011463,0.6321003115915178,0.10179201042755137,0.26610767798093077,1217.6442725548698,1814.0708440526246,5.782664900538305,0.0021418526215882033,3.0518225967586625,imbalance,imbalance_010,imbalance_010_w2
0.2523783225439104,0.06368825102944692,0.7685474588251345,1.4227625451367265,3.0452197759235746,-0.7707195309646941,-0.024343202131398952,1.1959691833245552,0.17783333333333334,0.06356637440112416,29.296875,0.0047860327079120215,0.0,7.811949932064988e-05,0.0,0.01632239144364951,0.8198617560443168,0.05044154440079725,0.129696699554886,611.3176675253512,1394.7912925626727,4.018871209179444,0.002250565836320827,5.671542101959949,imbalance,imbalance_011,imbalance_011_w0
0.2522412569713458,0.0636242870175336,0.8115927312250869,1.482674968420778,3.21752571712439,-0.7439699341880877,-0.03126847704614581,1.1983717160102314,0.183,0.06390700511183604,29.296875,0.004757479818487002,0.0,9.061088137890659e-05,0.0,0.019045983343282603,0.8154453375425125,0.05008663453819998,0.1344680279192876,627.8355109311397,1411.1324038753944,4.082497336041218,0.003157748779374871,7.911331010621589,imbalance,imbalance_011,imbalance_011_w1
0.2530837438687103,0.0640511719006373,0.8115927312250869,1.5843218639737486,3.206814941247703,-0.7420773884817189,-0.031009106291233657,1.2004735877521957,0.18216666666666667,0.06375425713904959,29.296875,0.004743802745385152,0.0,9.802512932320575e-05,0.0,0.0206638291228627,0.8144239028878097,0.049630594341972346,0.13594550277021789,632.9838871939559,1418.0192071268007,4.077742599385209,0.00205063347382761,5.1476428001378505,imbalance,imbalance_011,imbalance_011_w2
0.23075797942743168,0.053225404286699314,0.9901341510880991,1.7723232765244918,4.29079052236837,-0.3046390946016331,0.15055927943720768,1.2344546282077462,0.29941666666666666,0.053055780901937626,29.296875,0.0027906660374178343,0.0,0.0,0.0,0.0,0.5683393362949498,0.11696647329170926,0.31469419041334096,1431.441815172796,1898.479620987659,6.5728872099239135,0.0033355718234057896,6.092889746184405,imbalance,imbalance_012,imbalance_012_w0
0.2284878598142994,0.05220669930138044,0.9901341510880991,1.7723232765244918,4.3334212675142485,-0.22274563622509191,0.16825864572370042,1.2384230607975506,0.29891666666666666,0.0522203439837248,29.296875,0.002704976099447241,0.0,0.0,0.0,0.0,0.5622522396498929,0.11640279056254771,0.3213449697875595,1459.6890377448192,1907.2431026995341,6.636239620265577,0.002296986612930456,4.118191448411375,imbalance,imbalance_012,imbalance_012_w1
0.22979526505040387,0.05278679702024073,0.8406782950039409,1.5750341393916663,3.6583795354510213,-0.249736638597307,0.16267139493184554,1.2370633747721533,0.2955,0.05284655716869442,29.296875,0.002716623498725131,0.0,0.0,0.0,0.0,0.5611039421393053,0.11989533771484007,0.31900072014585473,1458.6970339162654,1906.9731851311335,6.667547639731298,0.0030414461973649227,5.403609286036595,imbalance,imbalance_012,imbalance_012_w2
0.41891802481378393,0.17547476686567817,1.2500790341166275,2.3923095686219167,2.984065998765053,-0.8778042639922798,-0.018629138182644587,1.1802155999015447,0.155,0.1737539807793343,29.296875,0.013416031460252636,0.0,4.5750515917699554e-05,0.0,0.0034101377932247356,0.8016933441603977,0.05347618867395641,0.14483046716564607,676.8877777486888,1468.7069528503932,3.9273369036517076,0.003252977015812716,4.8329541265383895,imbalance,imbalance_013,imbalance_013_w0
0.4167410394292721,0.1736726385023641,1.2500790341166275,2.4007335332574753,2.9996542597019333,-0.8758708196269667,0.011520398127592667,1.1791484717963143,0.15541666666666668,0.17452742356695006,29.296875,0.01345005533460858,0.0,3.9617247830581175e-05,0.0,0.0029455081666944017,0.8052809847398856,0.051627964950491594,0.14309105030962263,671.2440396711793,1467.6765726023154,3.8946717693476316,0.0032030910002915185,4.805337074764699,imbalance,imbalance_013,imbalance_013_w1
0.41711571284656224,0.17397444307858298,1.1923259593741593,2.347711351584305,2.8585016642918015,-0.8560481647079166,0.02050177264931239,1.1796371673486703,0.15975,0.17512680351481985,29.296875,0.013567763032198638,0.0,3.663278219641685e-05,0.0,0.0026999868813658485,0.8031834029597116,0.05290728083628033,0.1439093162040081,670.5580623838031,1461.6318188344553,3.8894493834512467,0.005342938284729662,7.935775164221524,imbalance,imbalance_013,imbalance_013_w2
0.3801204209626047,0.14448290375163936,1.1601681603421357,2.201037845823614,3.0521069018185427,-0.8724130737282407,-0.18016595417683126,1.1793528989321722,0.14425,0.14390844565204253,29.296875,0.01269099973277521,0.00020635987222585085,4.21558976502066e-05,0.016260332248917715,0.0033217160616067667,0.8195142371392173,0.05313210593015438,0.1273536569306282,606.8124274167903,1395.4078819394138,3.808841267160718,0.004082656052792701,7.042384298983165,imbalance,imbalance_014,imbalance_014_w0
0.3785076405865477,0.14324258826785113,1.1601681603421357,2.201037845823614,3.0651116012989896,-0.8502302651233227,-0.16445207562478323,1.182522480495713,0.15333333333333332,0.14301289680886398,29.296875,0.012585989036588871,0.00019791043551511842,4.1646444812871785e-05,0.01572466295177683,0.003308952891330267,0.8171646865138259,0.050390495472484545,0.13244481801368949,623.1485740338491,1416.3340852512692,3.828149800144472,0.0033157615518851465,5.5694746993556485,imbalance,imbalance_014,imbalance_014_w1
0.37523199081856495,0.1407887375293769,1.1280886591992059,2.1672553157781227,3.006376553177919,-0.8540351941337017,-0.18352999923690883,1.1801606841104217,0.15266666666666667,0.142169493607038,29.296875,0.012453106861551261,0.00019164580667633033,5.280408249920595e-05,0.015389397104431284,0.004240233628945849,0.8143328488010775,0.05074797258580032,0.13491917861312216,632.4052540006173,1426.8887639088555,3.8516776764241456,0.0034258987123164043,5.908480663424124,imbalance,imbalance_014,imbalance_014_w2
0.261749139769098,0.06850598368879426,1.0413479128451981,2.0770280352968324,3.9784196187380902,-0.14990788317823878,0.05183837321787452,1.2406894082012183,0.37566666666666665,0.06865240050782535,29.296875,0.0023878509215802778,0.0002053223669239511,5.7172250548187246e-05,0.08598625863463408,0.023942973169510388,0.39765510529759296,0.16693841190613193,0.43540648279627525,1973.630166449228,1980.6740254311687,8.042461561997452,0.004220074323436317,5.6628702326437,imbalance,imbalance_015,imbalance_015_w0
0.2606103654457101,0.06788668968220185,1.0010790558825364,1.9435402954302132,3.841286413034402,-0.17221908045743195,0.04499214294243649,1.2415932645478478,0.37925,0.06752052998075898,29.296875,0.002366662167031039,0.00016845880322486216,4.769578713800543e-05,0.07117991134163121,0.020153187811270696,0.3911248438141144,0.1628396312376305,0.44603552494825505,2008.6680244776128,1984.1671567763233,8.058192456526745,0.004253053602243781,5.686893284958822,imbalance,imbalance_015,imbalance_015_w1
0.26130653616753247,0.06827704164854455,1.0458333072648427,2.046912363147379,4.002323564513991,-0.1397644206090467,0.05312135507930239,1.2432776582855183,0.3859166666666667,0.06808644219271509,29.296875,0.0023161931770585144,0.00019330155975540663,6.055813386853209e-05,0.08345657938639339,0.026145545401113232,0.38906029719479385,0.16348921882746228,0.4474504839777438,2015.3146217024014,1986.6928988597028,8.088609849457349,0.003956528681336831,5.193723535960472,imbalance,imbalance_015,imbalance_015_w2
0.3287980105449192,0.10808252425458735,0.8458686700497522,1.5530129250040752,2.5726088447064757,-1.0060684682493897,-0.3454334646652523,1.1581209726785804,0.10266666666666667,0.1086525034846824,29.296875,0.0,0.00031194372418897026,3.717510416117054e-05,0.0,0.0,0.9002059064536484,0.027474537472984083,0.0723195560733675,356.32859954951425,1086.160702085558,2.91845399940497,0.00207840603502363,5.372956025685066,imbalance,imbalance_016,imbalance_016_w0
0.32776209146733654,0.10742789211910773,0.8633662417622043,1.6344392573502988,2.6341247637792913,-1.0265257757286355,-0.3315901085238544,1.1572838208142464,0.10041666666666667,0.10791219025782825,29.296875,0.0,0.00032154071959581223,2.8191177094066772e-05,0.0,0.0,0.8993346249907602,0.027745605189929794,0.07291976981931003,358.9186760150965,1092.7233614820643,2.9129101103375774,0.0018502699783999375,4.823086715494843,imbalance,imbalance_016,imbalance_016_w1
0.3281493715222091,0.10766139396416302,0.8633662417622043,1.6344392573502988,2.6310159844501544,-1.0453064920740256,-0.3172510178346676,1.1573926437719946,0.09566666666666666,0.10747317838342083,29.296875,0.0,0.000321367690702341,2.751275445874041e-05,0.0,0.0,0.8995494966291736,0.026610632270045415,0.07383987110078108,361.20350445378125,1099.133885898355,2.9077839516568726,0.0021803575557971955,5.714648440335514,imbalance,imbalance_016,imbalance_016_w2
0.3731793318088173,0.13925858736949434,1.2128532202845266,2.3809149387292985,3.250054643717195,-0.7126069071278693,0.054849461558053904,1.1930684671769545,0.18841666666666668,0.13877249209294404,29.296875,0.01128134114697256,4.6976192258150595e-05,2.321152243963261e-05,0.004164060961028294,0.002057514451272632,0.7404123072180965,0.0699131425982196,0.18967455018368398,879.589542197275,1634.6317696257138,4.5997672064269866,0.004888835323716575,7.089903595541644,imbalance,imbalance_017,imbalance_017_w0
0.37213514779525914,0.13848450710940036,1.168061718444772,2.2642422516585796,3.138810524523243,-0.7490253574105377,0.06102167050355459,1.1893572471257543,0.18725,0.13884936605456025,29.296875,0.011386488046664416,3.60057012823512e-05,2.133417133336031e-05,0.003162142807755267,0.001873639285961398,0.7414800571027498,0.06874899961490254,0.18977094328234767,874.933242604104,1632.6849733901104,4.55387933460461,0.007305971853833741,10.59329957778108,imbalance,imbalance_017,imbalance_017_w1
0.371610995443903,0.13805855459229865,1.1500057510567554,2.2694541626174085,3.0946494187639177,-0.731831876993958,0.09578103083419177,1.1899850495750297,0.18691666666666668,0.13767328397620143,29.296875,0.011195683614216367,3.180956199498112e-05,2.1287779558397592e-05,0.0028412344516943197,0.001901427397552232,0.7387467721193687,0.06942805021470483,0.19182517766592647,880.2982869219749,1634.408622827749,4.588142437188416,0.0044784680885180915,6.468129295389723,imbalance,imbalance_017,imbalance_017_w2
0.3875652123441706,0.150198368857241,1.204863577460738,2.4012854636820498,3.1088021811172766,-0.9523355356208181,-0.07066323379999272,1.165062835059556,0.13658333333333333,0.1501883394763861,29.296875,0.013577829561922041,2.8657091216903978e-05,4.884699624622668e-05,0.0021105796833148166,0.0035975555609575665,0.8247165574576916,0.04692141981512175,0.12836202272718678,600.3131750810047,1398.0416757805267,3.652096683002668,0.003284526206488223,5.540596679078986,imbalance,imbalance_018,imbalance_018_w0
0.38707000209770515,0.14982317595525393,1.1964218862213118,2.217658746858187,3.0909703147683043,-0.9456864740117621,-0.05846286419110166,1.16657162348508,0.12808333333333333,0.14821549875517617,29.296875,0.013351086075708155,2.398119631532646e-05,5.910864498986184e-05,0.0017961981654031447,0.004427253682186051,0.8213233173785315,0.04920388394307975,0.12947279867838873,605.9842746898742,1398.7562553022171,3.70023636707323,0.004446113098421585,7.4718682798942195,imbalance,imbalance_018,imbalance_018_w1
0.38759913765588844,0.15021220753440112,1.1777224886634734,2.198959349300349,3.0385064729144435,-0.9400002725606886,-0.04168077311299774,1.1689206038036957,0.13183333333333333,0.15081631776030704,29.296875,0.013596536473397952,3.345750057845159e-05,5.2893681965665576e-05,0.002460737015188554,0.0038902320505780066,0.8237716203498655,0.04891470514352421,0.12731367450661016,597.8982921141977,1390.7405717289887,3.6792007872694725,0.003569214894511246,6.119379828390313,imbalance,imbalance_018,imbalance_018_w2
0.4397926037380145,0.19341743881634058,1.5269723906760897,2.8487248772432645,3.472028355405701,-0.614665346161626,0.11770377822335218,1.200626438596943,0.2155,0.19316977353794199,29.296875,0.013488525546179473,0.000392245938011716,0.0,0.029079971466771385,0.0,0.6747297026624218,0.08900911908094443,0.23626117825663384,1091.0318901324688,1766.213844899196,5.388924100309893,0.005531713727312557,6.056264045781079,imbalance,imbalance_019,imbalance_019_w0
0.436847780906376,0.19083267467889958,1.6204588987768818,2.961506136653133,3.7094360315044703,-0.5865188423152357,0.09898014726236881,1.2028302511492504,0.21883333333333332,0.19178929623884955,29.296875,0.013234152583635172,0.00035323804612208426,0.0,0.026691398930890703,0.0,0.6676510860517232,0.09233146212789205,0.2400174518203847,1103.4599792221986,1761.0378525171743,5.455919780072894,0.004931398991450284,5.439281266456115,imbalance,imbalance_019,imbalance_019_w1
0.43654447720173617,0.19056929919527674,1.6204588987768818,2.961506136653133,3.7120132847953413,-0.6051024688623801,0.09014163971028503,1.2014477881703038,0.219,0.19146720072173462,29.296875,0.01335931854834079,0.00032540489880206956,0.0,0.024357896521786618,0.0,0.6742709022059232,0.08547404148348026,0.2402550563105964,1101.8435782901315,1773.5542168624193,5.3782873067220365,0.005007142986123542,5.516000626651661,imbalance,imbalance_019,imbalance_019_w2
0.35696556890450776,0.12742417838788245,0.9870469382592902,1.9483787053183361,2.765104044315647,-0.9546016881996633,0.12446661199596924,1.1645341741723878,0.13183333333333333,0.12818185729203352,29.296875,0.010248090239806988,0.0,1.5059948341135997e-05,0.0,0.001469537054097958,0.811390037833948,0.04994032142489438,0.13866964074115762,648.0875694923271,1442.1851156259704,3.869783918388525,0.0034182542902863027,5.928646417444387,imbalance,imbalance_020,imbalance_020_w0
0.35666035492088705,0.12720653967174522,0.971402981564981,1.932734748624027,2.723607959680446,-0.9633907349925757,0.11549466465305507,1.1642485684773587,0.13083333333333333,0.12827342249235568,29.296875,0.01026448475933779,0.0,2.1904759514076542e-05,0.0,0.002134034004400404,0.813030070680907,0.050390573772607396,0.13657935554648562,641.3965779590509,1437.6972275081655,3.852994100520611,0.0036702177735688443,6.486878353786008,imbalance,imbalance_020,imbalance_020_w1
0.3544266505003864,0.12561268382421584,0.9992021372404225,1.9331780338920315,2.81920712178311,-0.9552855936332105,0.093239242589862,1.1652024954758013,0.13633333333333333,0.1246410466738307,29.296875,0.009975098910340633,0.0,2.0352904037438426e-05,0.0,0.0020403711502388912,0.8104592153114577,0.051306612601435715,0.13823417208710656,648.9240724240102,1443.193335686244,3.8757440196984887,0.0028643720772856657,5.161216197903542,imbalance,imbalance_020,imbalance_020_w2
0.2213547570739745,0.04899522520081366,0.6367310313308311,1.2626373328174691,2.8765183985544165,-0.7084989459942923,-0.001414671241791602,1.1903008658327805,0.1885,0.04888572379512816,29.296875,0.0032850902122361315,0.0,3.376703022145513e-05,0.0,0.010278874563529935,0.709643237452342,0.0763903453862681,0.21396641716138978,972.251771645454,1688.7949818344184,5.048109734424228,0.0034680129120788633,7.749694441452582,imbalance,imbalance_021,imbalance_021_w0
0.22278348263221928,0.0496323937866397,0.6600671206988533,1.2804762061534416,2.962818934779474,-0.7383124178436073,-0.010345369059890775,1.187308091782687,0.18483333333333332,0.04979380075013348,29.296875,0.0033561587246212663,0.0,3.309644364957402e-05,0.0,0.009861405959966587,0.7174394345729469,0.07549419083855742,0.20706637458849578,949.5289456457388,1674.2975493854965,4.984101716374012,0.003742984328554795,8.386654510274589,imbalance,imbalance_021,imbalance_021_w1
0.2220084132168224,0.049287717067805534,0.6936979803553953,1.3749455812297329,3.1246472613535676,-0.7322287971733306,0.0043013655063056655,1.1896051941581782,0.19041666666666668,0.04900171915525674,29.296875,0.0032734001690316096,0.0,2.4369085678383513e-05,0.0,0.0074445788537955545,0.7063955518279671,0.08036957518953164,0.21323487298250127,987.0186155215229,1702.2945144248727,5.075623999297299,0.0032003674222030507,7.274439126353032,imbalance,imbalance_021,imbalance_021_w2
0.2729750181068057,0.07450685382612805,0.9224943254413536,1.840172381513126,3.379409338771116,-0.31122082925990924,0.032426875282165805,1.231322211601984,0.3205,0.07464514573299438,29.296875,0.0034060250226897104,0.0,0.0,0.0,0.0,0.5073249985710153,0.1328016807410509,0.3598733206879339,1634.3681841454302,1950.7952124250621,7.110856681304213,0.004331392365180205,6.159194708789799,imbalance,imbalance_022,imbalance_022_w0
0.2707389493226437,0.07329916424469307,1.0512221008469085,1.9228400775260999,3.8827885809446325,-0.2834741459900778,0.05304006838121743,1.2322884654808315,0.32008333333333333,0.07328173686330729,29.296875,0.003337452437562204,0.0,0.0,0.0,0.0,0.49895117362782204,0.13608747243317457,0.3649613539390034,1659.8390047557236,1956.89739234322,7.1339231069175755,0.004265790635983734,6.0840170932715605,imbalance,imbalance_022,imbalance_022_w1
0.26985453120069275,0.0728206788181597,1.0512221008469085,2.066004622347991,3.8955139873679094,-0.2627366870878127,0.06297304626325795,1.2351972534311308,0.3209166666666667,0.07289046947973904,29.296875,0.0032894940459927318,0.0,0.0,0.0,0.0,0.5009695556928923,0.1371154249459958,0.3619150193611119,1642.1582891586077,1945.634415063183,7.1409667313151655,0.0037290250123531467,5.368567819826321,imbalance,imbalance_022,imbalance_022_w2
0.43516239451650274,0.18934910392071588,1.3011838908824598,2.4252916804117515,2.990111064923637,-0.9569487285904925,0.13615607113662304,1.1693141594210685,0.13616666666666666,0.18848324569858466,29.296875,0.016514358072155986,0.0,0.0,0.0,0.0,0.8347173412470851,0.04266763255346742,0.1226150261994475,573.9012406597564,1369.393812227147,3.5952290739152284,0.004397051451451188,6.682869938730568,imbalance,imbalance_023,imbalance_023_w0
0.4340632498200157,0.1884093512279315,1.3011838908824598,2.4918842909685384,2.997682691225289,-0.9527927488518224,0.12181661905677986,1.1695982225067247,0.13991666666666666,0.18920367106544905,29.296875,0.016523306732966907,0.0,0.0,0.0,0.0,0.8319940644239848,0.04563564599675082,0.1223702895792643,576.5436696234887,1366.8426698670487,3.6218778521119166,0.005470547551282105,8.332095059803812,imbalance,imbalance_023,imbalance_023_w1
0.43349460676424373,0.18788727924444512,1.226883474191637,2.4175838742777156,2.830216235790168,-0.9410343449068788,0.1287961033326125,1.1709990907137857,0.13808333333333334,0.1877982512244643,29.296875,0.016487289627704235,0.0,0.0,0.0,0.0,0.8340848586216467,0.0449798187876554,0.12093532259069782,573.4743048090509,1369.8427248320688,3.5952801371168577,0.003537131823828259,5.647010896189336,imbalance,imbalance_023,imbalance_023_w2
0.3250479205740039,0.10565471844594189,1.321912992727494,2.544364958450843,4.066824948128019,-0.0637935819443145,0.01339164300196473,1.2526105394254345,0.39766666666666667,0.10545307632933382,29.296875,0.0033905168972625304,5.1800488524696694e-05,3.6534007379401025e-05,0.015278050543420059,0.010775350333425035,0.35063707417836126,0.17801124038242255,0.4713516854392162,2150.867068769716,2000.2473387257112,8.280303224070279,0.007735456506739417,8.015758763841424,imbalance,imbalance_024,imbalance_024_w0
0.32704529836037194,0.10695691415435284,1.321912992727494,2.571039956730703,4.041987453587775,-0.09298725213681314,0.0013830844142829692,1.2480747586333572,0.3988333333333333,0.10633565210239995,29.296875,0.0035028881787074356,4.49968213835227e-05,3.9603015780431656e-05,0.012845634541530386,0.01130581787370819,0.35816565444092135,0.1708896627014222,0.4709446828576564,2127.0761284050795,1996.9654358837984,8.236282027543435,0.005082992410674563,5.18838516616166,imbalance,imbalance_024,imbalance_024_w1
0.32725990857447995,0.10709795399266034,1.3389897577047707,2.5209298552031845,4.091517850558938,-0.07077766384747575,0.0030466696624726754,1.2491990679627871,0.39725,0.10750049539450586,29.296875,0.003507562335500776,4.500634365764609e-05,5.412961250707069e-05,0.012831231309028331,0.015432259594993792,0.3539261583866624,0.1709806805100965,0.475093161103241,2139.537746827291,1997.0770836124884,8.278931754915892,0.004926501510055698,5.087841572085432,imbalance,imbalance_024,imbalance_024_w2
0.23135219760252934,0.05352277454965809,0.8447961167817017,1.645453540650081,3.6515586432124114,-0.12751210862783502,0.002182784921270499,1.2472953653657803,0.392,0.05360420066078812,29.296875,0.001734181206824888,2.7921270192149466e-05,0.0,0.01610054940179551,0.0,0.3493181414937686,0.17845749331261773,0.47222436519361366,2143.030757808979,1997.2533111282744,8.263979690473866,0.0036457349038751,5.322223279795913,imbalance,imbalance_025,imbalance_025_w0
0.22909255759877903,0.052473705045901965,0.8447961167817017,1.620943945408946,3.6875755617571584,-0.12101537568246945,0.000787459620731202,1.246063447286974,0.39008333333333334,0.05273303048516388,29.296875,0.0017028220660071018,2.8758204108552472e-05,0.0,0.016888554995054036,0.0,0.3486673510751527,0.17717665676218924,0.474155992162658,2136.494675795042,1978.8145531764524,8.27197509518177,0.0033928845648042295,4.967278962269504,imbalance,imbalance_025,imbalance_025_w1
0.22931365044358754,0.05257704318520181,0.8257501338388457,1.6385433440872028,3.6009637116739586,-0.1515138274034502,-0.005558629785438036,1.2429892547773838,0.39,0.05265355981197573,29.296875,0.001677062349042938,2.5754768109692134e-05,0.0,0.01535707251694596,0.0,0.35251092072536855,0.1732060695612236,0.4742830097134078,2138.7751066102355,1991.3598696373533,8.296755117843524,0.004651351929756837,6.860707283452826,imbalance,imbalance_025,imbalance_025_w2
0.2968122093556987,0.08809593521043305,1.0149565706188435,1.9364461603186902,3.419524327594365,-0.433558701380365,0.02639324231457928,1.2219114743938724,0.27391666666666664,0.08788993756725781,29.296875,0.005369584384433442,5.6074060570582437e-05,2.1885445746927404e-05,0.010442905177753148,0.0040758174525339155,0.5823869670723296,0.10937583060175092,0.30823720232591956,1385.7260633386384,1881.9128276161719,6.2412509088337575,0.004963157682870033,6.905066019250936,imbalance,imbalance_026,imbalance_026_w0
0.2994303575911892,0.08965406747193405,1.087124148602032,2.0507005482872502,3.6306410523888073,-0.47680386332436164,0.0266623264575925,1.2177230531594936,0.27608333333333335,0.08978483726944705,29.296875,0.005422583861277402,6.319586550152504e-05,2.5435283263839173e-05,0.011654197909746656,0.004690620544473676,0.5812947405282088,0.11128942226575365,0.30741583720603743,1387.9893335424222,1883.6631649053686,6.254406151530046,0.004644822457874672,6.285819956256705,imbalance,imbalance_026,imbalance_026_w1
0.3009204029137331,0.09055202840989371,1.1909662708715005,2.1545426705567188,3.9577451689539407,-0.43640170442941795,0.020534145080119737,1.22102655237819,0.27258333333333334,0.09015757412414156,29.296875,0.005476856288504523,7.68367876039202e-05,2.434204414246119e-05,0.014029359829140374,0.004444528550722276,0.585873110949394,0.11269105708753928,0.3014358319630667,1369.5862898305322,1876.3004839763446,6.2394441028537155,0.0038095677486146133,5.201449632376006,imbalance,imbalance_026,imbalance_026_w2
0.43761749243067133,0.19150903664491523,1.3959723607449916,2.6785030554114666,3.1899372965904598,-0.6635989229543053,-0.11515034331328569,1.1982903039390926,0.20558333333333334,0.19137496487914765,29.296875,0.0,0.00015820868074084413,3.903953905082151e-05,0.0,0.0,0.7176185368368824,0.07580886771866963,0.206572595444448,954.6894840951895,1686.3047374024454,4.882259603067178,0.0066686623050341174,7.856785088412637,imbalance,imbalance_027,imbalance_027_w0
0.4361691907438127,0.19021280707092214,1.271113325987816,2.489930297162905,2.914266649187549,-0.7005380907429939,-0.09576040588039887,1.1963184463518937,0.20191666666666666,0.18942820979058048,29.296875,0.0,0.0001540478067921116,3.349441478275041e-05,0.0,0.0,0.7129218938933409,0.08026531901279357,0.20681278709386547,964.078213018928,1694.3917047495886,4.93504177696959,0.004898369479481343,5.734594681640108,imbalance,imbalance_027,imbalance_027_w1
0.431067810174891,0.1857939864092397,1.4285517933447889,2.8231714568295194,3.313983924629406,-0.6666256187201642,-0.11095336832429259,1.1975984209568449,0.20275,0.1859923943054754,29.296875,0.0,0.00013557399543762762,1.7113982006458115e-05,0.0,0.0,0.7117701798628067,0.07988712668264664,0.2083426934545467,961.5299417531207,1683.7062833617736,4.953429194124022,0.0074177636493359895,8.663694226857858,imbalance,imbalance_027,imbalance_027_w2
0.31503037656166244,0.09924291831744995,0.8827932453732753,1.6643108456986255,2.802248008615391,-1.0143623344435353,0.3065654919032632,1.155609813812412,0.10016666666666667,0.09933951104005838,29.296875,0.008471497641578521,0.0,2.7251803097199643e-05,0.0,0.0032168813886515736,0.8762855256670373,0.033391176655851694,0.09032329767711099,431.98543628358993,1194.4626981621727,3.2046361433266917,0.002931226745336201,7.050390719979335,imbalance,imbalance_028,imbalance_028_w0
0.31632456346416105,0.10006047551507445,0.8246584765006949,1.5484096458402345,2.6070010734216256,-1.0439163397295825,0.2987199059008692,1.153465492517221,0.1035,0.10056031503821052,29.296875,0.008611032015985976,0.0,1.618703767858285e-05,0.0,0.0018798022871744494,0.879052363425049,0.03285279926317057,0.0880948373117804,424.27825678077835,1186.5364207717118,3.170007872408614,0.0034433297807711163,8.44593278767703,imbalance,imbalance_028,imbalance_028_w1
0.31603641002506067,0.09987890541556349,0.8248561145301281,1.5486072838696678,2.610003431138582,-1.0255767039743533,0.3026934323898761,1.1567768828525182,0.10566666666666667,0.0996412507144195,29.296875,0.008498137606874245,0.0,1.8107427128697105e-05,0.0,0.0021307524032147694,0.8738554261791408,0.03392344262137804,0.09222113119948125,443.81503004965936,1213.730225755063,3.225390931706081,0.0030426532173351943,7.400227253129194,imbalance,imbalance_028,imbalance_028_w2
0.24017931212735041,0.05768494209784313,0.901464814861608,1.744978757462747,3.7532991783389895,-0.2829786867331201,-0.057610359341595314,1.233500232520648,0.32025,0.05778477557578526,29.296875,0.0025513538007702996,0.0002563986030652888,0.0,0.10049511870438253,0.0,0.496398575255319,0.13257437983389217,0.37102704491078886,1682.4722894636363,1970.040064683986,7.2722216791221665,0.0042780054735645,6.758178059227523,imbalance,imbalance_029,imbalance_029_w0
0.239871576451449,0.0575368243170142,0.901464814861608,1.7861149049996174,3.7581143551790026,-0.20339868880706602,-0.06862336928046245,1.2393860400536254,0.3259166666666667,0.057580976270204004,29.296875,0.0024741181405348815,0.0002632592206676365,0.0,0.10640527481469511,0.0,0.4883226338339036,0.14010831697744766,0.37156904918864875,1698.2757604226083,1970.5262151937502,7.344282083053638,0.003931511580572183,6.21342461196774,imbalance,imbalance_029,imbalance_029_w1
0.24246584252919118,0.05878968013410201,0.8846500901380093,1.6919257006117965,3.6485555281111552,-0.22572616575147375,-0.07065915175608682,1.239659100656153,0.3293333333333333,0.05912974557173788,29.296875,0.0025593555383689104,0.00028635231437788784,0.0,0.11188453893372766,0.0,0.492556676078966,0.1381946127018259,0.3692487112192081,1679.284845755722,1963.140085910649,7.291137546449306,0.004860780513117997,7.520104037584511,imbalance,imbalance_029,imbalance_029_w2
0.24411605010981394,0.0595873318806425,0.7206917457285582,1.3665772715095157,2.9522505603558633,-0.7510619936031269,0.15757630703837963,1.1888451825587973,0.18341666666666667,0.060077779171523876,29.296875,0.0,0.00014493141537746604,8.767893324563964e-06,0.0,0.0,0.7497922129707474,0.07107916412641678,0.1791286229028359,834.2003604969483,1588.815244471449,4.622214773646315,0.002660717352427492,5.943367120721847,imbalance,imbalance_030,imbalance_030_w0
0.24471890817129055,0.059880422624554445,0.7551449768802895,1.4584512764496829,3.0857647352354447,-0.7424935628026432,0.1960330858959723,1.1881347396452937,0.18241666666666667,0.06005194614997131,29.296875,0.0,0.0001481990424818868,1.3659915942191324e-05,0.0,0.0,0.7510482728743751,0.06865919342861611,0.18029253369700876,836.2872640423476,1594.853866704206,4.623235110863718,0.002107855675200889,4.7141454139365955,imbalance,imbalance_030,imbalance_030_w1
0.24481724680449662,0.05993541456380301,0.7551449768802895,1.4713651892801862,3.084525239691649,-0.7593003493037882,0.1795508525298323,1.1887223393953759,0.18025,0.06037668510959983,29.296875,0.0,0.00015331206757901675,1.767433508541085e-05,0.0,0.0,0.7491764594208206,0.06724726300420311,0.1835762775749765,854.0582450809986,1619.0260766681247,4.647746500878826,0.0033574538601837483,7.457211448868376,imbalance,imbalance_030,imbalance_030_w2
0.3727101534376335,0.13890849436946692,1.1681441747324024,2.1832445000672682,3.1341892995353313,-0.8839254798777225,-0.10571039193551031,1.1722614825298314,0.14933333333333335,0.1383616695855596,29.296875,0.011358570118648163,9.76017280550676e-05,0.0,0.008592782985494625,0.0,0.7737530340280968,0.06368705626733676,0.16255990970456632,753.1417920483767,1521.7156056490512,4.279615854443487,0.0034642294284863845,5.3225459154740475,imbalance,imbalance_031,imbalance_031_w0
0.37053439512353914,0.13729573693718078,1.1681441747324024,2.1474545830533396,3.1525930928569634,-0.8829296296437863,-0.10717632496808455,1.1725383759365147,0.15183333333333332,0.1368740524286675,29.296875,0.01125455098793445,0.00010179133691862507,0.0,0.009044460061334428,0.0,0.7715913982088616,0.06346884765502961,0.16493975413610887,767.3341670466356,1539.3367494968027,4.292716909745365,0.003694602698253519,5.63336463168975,imbalance,imbalance_031,imbalance_031_w1
0.369105002301964,0.13623186543309926,1.0537419866704514,2.0330523949913886,2.85485696508764,-0.904876554767593,-0.09945761878675165,1.1710627236774587,0.14975,0.13644201184639004,29.296875,0.01131197524519679,8.663097679398877e-05,0.0,0.007658342147696388,0.0,0.775272594340636,0.061036037985190854,0.1636913676741731,760.2220001526127,1536.0084999511998,4.2368369786013425,0.0056689101420686295,8.714192077928994,imbalance,imbalance_031,imbalance_031_w2
0.37610028051925193,0.14141959359509707,1.2021991805615562,2.312796591489768,3.1964857322142244,-0.7382588697207564,0.06076018128940074,1.1905533363364762,0.18616666666666667,0.1417287507568971,29.296875,0.0,0.00013521977567579506,3.8610641382755986e-05,0.0,0.0,0.7245996321233649,0.07451710125802552,0.2008832666186097,934.588003927651,1675.7384180306224,4.834250973383731,0.003375863561625243,4.7274299810117855,imbalance,imbalance_032,imbalance_032_w0
0.3778586733404919,0.142760363649609,1.1343012807842643,2.244898691712476,3.001919396890845,-0.7557537527713527,0.08952841224493586,1.1872438604444202,0.18825,0.1426413713059354,29.296875,0.0,0.0001486729314378274,5.640006822327212e-05,0.0,0.0,0.7199486589815283,0.07955977326142755,0.20049156775704421,931.851977306283,1659.7194082877404,4.904831213599469,0.0029697211380733898,4.010929830847737,imbalance,imbalance_032,imbalance_032_w1
0.378766023520859,0.1434420764767112,1.1413092400737144,2.253030885286559,3.0132302508671596,-0.7265291686911519,0.09009387210298045,1.1902415820788956,0.19241666666666668,0.14425553131324695,29.296875,0.0,0.00014105129476345285,5.6798078155654034e-05,0.0,0.0,0.7165742414751763,0.07668401286960844,0.2067417456552153,953.4413544069595,1680.6784498745922,4.93874756331941,0.0050327133433596865,6.7135560534580945,imbalance,imbalance_032,imbalance_032_w2
0.4346066276450503,0.1888764269825811,1.3290808627429183,2.5673340764700243,3.0581237795305745,-0.7898799856712602,0.06617629999798577,1.182419752268575,0.16625,0.1891566754364733,29.296875,0.0,7.372800717456348e-05,9.368058592314066e-05,0.0,0.0,0.7520850936703234,0.06697479571681794,0.18094011061285867,836.4436808094025,1599.8344775563205,4.489523600534082,0.003162527536402865,4.014504388595492,imbalance,imbalance_033,imbalance_033_w0
0.4333944966329578,0.1877962859147947,1.2683738336281305,2.428985064452686,2.92660346054721,-0.8307136834096047,0.06608366464251621,1.1803734469016058,0.16,0.18720384953138947,29.296875,0.0,7.002807356814108e-05,0.00010220079180282725,0.0,0.0,0.7482929082531986,0.07058235791040025,0.1811247338364011,841.2294009301618,1597.935623618484,4.535966953318681,0.003900240244313235,4.906184289465626,imbalance,imbalance_033,imbalance_033_w1
0.43220412108266426,0.18679862306868456,1.4045987827038828,2.5546036625217443,3.2498505085638376,-0.8669857120434785,0.02858448439370489,1.1750412477137957,0.15741666666666668,0.18715287767822616,29.296875,0.0,5.161318450297763e-05,0.00010462049758880437,0.0,0.0,0.7535677612970736,0.0695246852833154,0.1769075534196111,824.1833322998714,1585.1365453260958,4.471177546106895,0.005491362531140923,6.95629392641335,imbalance,imbalance_033,imbalance_033_w2
0.3126276037032598,0.09773553515794489,1.0124162153741563,2.007571539100525,3.2384095434359743,-0.5294243910308181,-0.15541036046521373,1.207568881391933,0.23783333333333334,0.09693281975719042,29.296875,0.0062629052399558625,0.0,9.315291291630025e-05,0.0,0.014873754167954924,0.6708200172936037,0.0896574553610686,0.23952252734532767,1098.1410742965604,1762.438180936842,5.430595887567005,0.005112626556251771,7.852377816518277,imbalance,imbalance_034,imbalance_034_w0
0.31140605949060335,0.09695541002915443,0.9680116962164897,1.8999060210256002,3.108519139929258,-0.525489752544881,-0.15399721136420624,1.2099141132646916,0.23716666666666666,0.09736394453654135,29.296875,0.006295319184338147,0.0,9.98500315733133e-05,0.0,0.015860995868442362,0.6728019782513434,0.08884444013405397,0.2383535816146028,1101.8743753627455,1779.246548314485,5.4203352285509,0.0021617433796669535,3.319721369057267,imbalance,imbalance_034,imbalance_034_w1
0.31343698674056136,0.09824252679665095,0.9680116962164897,1.9004026457387027,3.08837736823234,-0.5623598359302275,-0.1274203094177515,1.2097152327021552,0.23158333333333334,0.0986962903835209,29.296875,0.006378687953147095,0.0,9.141188743416045e-05,0.0,0.014330829177661838,0.6782586688214882,0.08851082704140727,0.23323050413710456,1081.0970869745145,1760.7329968146482,5.383798694831911,0.0040283158190044625,6.225151945920421,imbalance,imbalance_034,imbalance_034_w2
0.2871562551227627,0.08244524969514107,1.1070386454084686,2.1169593275961276,3.8551785853844502,-0.09632002407429896,-0.01483025571623222,1.2460645188529242,0.42283333333333334,0.08219167236772315,29.296875,0.0019307766216094219,0.00022410865481826224,3.501229904157657e-05,0.11607176734481786,0.018133790646580158,0.2955707308571453,0.19166918133292737,0.5127600878099272,2312.1113101807723,1969.4154303704115,8.80373843560824,0.005908002564058789,6.804125301833614,imbalance,imbalance_035,imbalance_035_w0
0.28781925000667374,0.08283347962813499,1.111174699870537,2.218213345279006,3.8606684571819705,-0.07027838279325183,-0.03264222322990717,1.2492566401862621,0.41891666666666666,0.08259240580653017,29.296875,0.0019150009462222859,0.00023844602832763935,4.691692298068844e-05,0.12451483577489651,0.024499686578871544,0.2892093744207426,0.19989964278442293,0.5108909827948346,2314.38090855655,1953.7895758127102,8.814266530927995,0.006377025251657793,7.246676368935194,imbalance,imbalance_035,imbalance_035_w1
0.2868797393797369,0.08229976914428189,1.111174699870537,2.05007439770674,3.873311870238761,-0.05949819392615385,-0.055700677280485084,1.2507639090594758,0.4175833333333333,0.08142611838171437,29.296875,0.002007456137159417,0.00022470628076963123,6.287244235601068e-05,0.11193583591200865,0.03131946008293671,0.30224967876370096,0.1959632442040237,0.5017870770322753,2288.470949804867,1973.0236538688812,8.724361427714594,0.005821686891637435,6.747304071463566,imbalance,imbalance_035,imbalance_035_w2
0.3134692360113123,0.09826288594649372,1.1916567722405287,2.319567378543722,3.8015110745908243,-0.11542193528495126,0.044570969664996275,1.2468045700615868,0.40825,0.09758357159772245,29.296875,0.002623113143430234,0.00022361259014591015,2.1049913304419435e-05,0.08524702440150672,0.008024782826139384,0.3217434116232813,0.18609909759329205,0.4921574907834268,2222.23507899978,1971.564993548341,8.595694600453154,0.007340524505225687,7.782915610794326,imbalance,imbalance_036,imbalance_036_w0
0.31553899652551903,0.09954708674186785,1.403960328019698,2.59186448688941,4.449403539591194,-0.046590491141131896,0.004954981131335388,1.247438186341655,0.41233333333333333,0.09921715664276068,29.296875,0.0026413956990408655,0.0002344401479796319,1.3954793171310211e-05,0.0887561632907788,0.00528311346019736,0.31647640171461705,0.19126032649821806,0.4922632717871649,2240.6339535239895,1983.9767960858162,8.629264937156446,0.007219723825006268,7.730739750684631,imbalance,imbalance_036,imbalance_036_w1
0.3151786662299397,0.09931896352664903,1.403960328019698,2.59186448688941,4.454490352451184,-0.0006216626289661242,0.033600860914865936,1.250794672956731,0.411,0.0989096383092126,29.296875,0.0026219625416726506,0.0002468323274185397,2.0577653936376688e-05,0.09414029510165156,0.007848187611120262,0.3115809593626411,0.1887852068272857,0.4996338338100733,2274.742220703037,1993.3275874404517,8.630938493879576,0.0045441367096723684,4.952965805561512,imbalance,imbalance_036,imbalance_036_w2
0.22038600259905494,0.048566157452121936,0.7873125066033562,1.478846571663941,3.5724251872552104,-0.46462524608255507,-0.04379823915758629,1.22064523599463,0.23525,0.04861111007514962,29.296875,0.003337067712459573,0.00016457307892856578,5.4876556291389704e-05,0.04931667353170602,0.016444543839040995,0.6808107025890092,0.0872602109342385,0.23192908647675226,1069.3641375709226,1751.477815923756,5.445602936906587,0.0035606838209702647,7.765870517986193,imbalance,imbalance_037,imbalance_037_w0
0.2213375065843554,0.04899027498293297,0.7873125066033562,1.4584233091689283,3.5570677503014987,-0.456142489333375,-0.05261504638590888,1.2229026852471083,0.23566666666666666,0.04874041973174092,29.296875,0.0033494979281436946,0.0001657333328459484,5.382754458948339e-05,0.049480052354532573,0.016070332254038693,0.679356344279432,0.08992452795069475,0.2307191277698731,1061.606265134165,1738.0909926025097,5.43650328039028,0.003284158739202637,7.221470244132637,imbalance,imbalance_037,imbalance_037_w1
0.22314323419780954,0.04979037850938189,0.7351642090722854,1.382876204018071,3.2945843584062477,-0.5034511172689689,-0.053928729419663826,1.2170685478048515,0.23675,0.04941231344097115,29.296875,0.003450441176521106,0.00017166816930115164,5.167793071124112e-05,0.04975252743599455,0.014977195108523831,0.6871120341759507,0.08811748191257862,0.22477048391147084,1027.029830744212,1706.8385054194073,5.346842533548706,0.0032717231106400954,7.041752229094122,imbalance,imbalance_037,imbalance_037_w2
0.21160251481537584,0.04477541684552019,0.7338105803173993,1.443300239102712,3.467872680802742,-0.45361807841747037,0.24775058821538398,1.216124851318961,0.24016666666666667,0.04443433911549907,29.296875,0.002752515513712708,0.0003192270658770001,0.0,0.11597648198044606,0.0,0.6558725149968126,0.09154433982746923,0.2525831451757182,1152.419102029882,1791.1044278515026,5.779409127443971,0.002650096171813854,5.8254893802545284,imbalance,imbalance_038,imbalance_038_w0
0.21100067464805136,0.044519358377472125,0.7338105803173993,1.375212227228739,3.4777641424198937,-0.4862601325251701,0.2339091553896438,1.2138375648014856,0.23983333333333334,0.04479168590736354,29.296875,0.002783267722051995,0.0003158702849961366,0.0,0.11348900520545603,0.0,0.6581019921089528,0.0938097558254371,0.2480882520656101,1130.8957723063165,1772.8727929233241,5.753433608732873,0.005050194168730476,11.00432039263177,imbalance,imbalance_038,imbalance_038_w1
0.21092875975228723,0.0444868470173707,0.691299239269657,1.3407383262820098,3.2774062677916107,-0.4735462937675914,0.24391038258822506,1.2159645067051204,0.24058333333333334,0.04460556216744674,29.296875,0.0028104387288470324,0.00032073887460021266,0.0,0.11412412991184266,0.0,0.6617803900094366,0.09163725022884069,0.2465823597617227,1130.218120956918,1783.8127568125524,5.700614126114349,0.004906487096920022,10.848069723925427,imbalance,imbalance_038,imbalance_038_w2
0.3336158184606768,0.11129337003170872,0.979331534114775,1.9321197955792644,2.935506891230365,-0.7316034967162208,0.048681632439431466,1.1918565861930928,0.19708333333333333,0.11141755623985888,29.296875,0.008756890316320116,0.0003247612489190875,9.846243602836352e-06,0.03708636709926967,0.00112439955819545,0.7412987414336105,0.07137935548498213,0.1873219030814074,863.8092809953566,1612.170765240439,4.708617784346924,0.0035548039070353176,5.705456779410275,imbalance,imbalance_039,imbalance_039_w0
0.33462427948081186,0.11196588876645418,1.0382287988425944,2.0508614661859417,3.102670255886584,-0.7059557657043527,0.04057079894643597,1.1945420110439138,0.19575,0.11153730960046389,29.296875,0.008772250041546864,0.000342649508410933,1.5582949240799294e-05,0.03906061806128266,0.0017763913667526352,0.7407474588244326,0.07056989773894717,0.1886826434366203,870.3607371713472,1621.7839502716804,4.716403637973787,0.0041014348807873096,6.576499366684002,imbalance,imbalance_039,imbalance_039_w1
0.33577381833688824,0.11274368394710131,1.0382287988425944,2.0508614661859417,3.092048105433044,-0.7235874754091642,0.06081403894675972,1.1924397499580706,0.18816666666666668,0.11334303367644823,29.296875,0.008902123738981953,0.0003405443527445169,1.2469392075332718e-05,0.03825428209375368,0.001400721046004997,0.7410741981073765,0.07184600726952825,0.18707979462309515,868.4492284532174,1623.4966520332962,4.707941020379336,0.004995304201139591,7.923146092451251,imbalance,imbalance_039,imbalance_039_w2
0.23327092131471755,0.05441219402531989,0.8306551748606994,1.529118975169093,3.5609032200804003,-0.4586400524045602,0.1032071826531152,1.2204689753480227,0.2579166666666667,0.05465081355999843,64.453125,0.0,0.001739334117000958,0.0013652261939379195,0.0,0.0,0.6386912423929216,0.09816716090472788,0.26314159670235054,1227.4488957031585,1804.1770843566426,6.462946401558696,0.004735552207309874,9.22113967255268,misalignment,misalignment_000,misalignment_000_w0
0.23279367590770103,0.05418962886077757,0.7980105482785158,1.5579137818362216,3.427973484103212,-0.43327151787458584,0.06055438540219599,1.220846091582389,0.2624166666666667,0.05434310496000275,64.453125,0.0,0.0016921651300191589,0.0013533451863524501,0.0,0.0,0.6285626533074757,0.10511070540159352,0.26632664129093075,1249.319763496516,1807.5561108625377,6.5496027982999845,0.0038471040866448103,7.495409081648024,misalignment,misalignment_000,misalignment_000_w1
0.23642661883217989,0.05589174995245952,0.7980105482785158,1.5919329395114858,3.375299076814015,-0.4119384989706498,0.0703535967577101,1.221416356711201,0.25625,0.05590300621034271,64.453125,0.0,0.0017495307519256379,0.0013691966993231114,0.0,0.0,0.6342248317753848,0.10311043587263116,0.26266473235198406,1234.790472928606,1804.2614421676508,6.523907317576043,0.0030453011271078505,5.860034926408494,misalignment,misalignment_000,misalignment_000_w2
0.34365016647391944,0.11809410475619378,1.0800339168319164,2.1223642765064596,3.1428296046348145,-0.5156655167681956,0.14505022403705622,1.2132279127032863,0.23241666666666666,0.11812344348872564,58.59375,0.0013516960454673533,0.0,0.0018244949894126558,0.0,1.349781998349955,0.6797373536912987,0.08486252488040597,0.23540012142829536,1098.989229340824,1744.063556055008,6.0629305229009525,0.0072204274031185175,10.121128886413688,misalignment,misalignment_001,misalignment_001_w0
0.34328958555387207,0.11784216815829346,1.0800339168319164,2.1223642765064596,3.1461307370841514,-0.5099985538974714,0.13787545426374942,1.2138094565128512,0.229,0.11701707319853591,58.59375,0.0012969065466950278,0.0,0.0018686947109253671,0.0,1.4408861730920057,0.6781991828841268,0.0844921815980801,0.23730863551779294,1098.9159773242416,1736.3698726421155,6.0816308804449655,0.004522959750153832,6.323564335849321,misalignment,misalignment_001,misalignment_001_w1
0.341878951174154,0.11685998853579069,1.1695108573981887,2.209589216337079,3.4208331732082473,-0.47422901106310533,0.16730140173635938,1.2171550513939249,0.2385,0.11702341906889654,58.59375,0.0012235051562142917,0.0,0.0019470969786446423,0.0,1.59140888679967,0.6717708900397897,0.08951360107999576,0.23871550888021453,1116.0173636235425,1747.4719076345789,6.143638369027457,0.004586411659583081,6.4512401363019425,misalignment,misalignment_001,misalignment_001_w2
0.2690056192202015,0.07235712291558201,0.8660016968425199,1.5845053709376389,3.2192699147062496,-0.5922355246955573,-0.29410971704028765,1.2017176829979554,0.17783333333333334,0.07231097424197871,58.59375,0.001554797992749633,0.0,0.0,0.0,0.0,0.7891998697534022,0.057468979946045336,0.15333115030055244,729.3065286640559,1480.1578786812177,4.977988630376634,0.0016838597593101714,3.6652404860127175,misalignment,misalignment_002,misalignment_002_w0
0.2682445476021967,0.07195073642109494,0.8660016968425199,1.5845053709376389,3.228403725569064,-0.5789475200268752,-0.2948062843049394,1.2050178924697066,0.18158333333333335,0.07248085020684782,58.59375,0.0015867224170281267,0.0,0.0,0.0,0.0,0.7905778668340239,0.05748471126144031,0.15193742190453574,728.0478211738857,1487.0697352469613,4.973359863560852,0.0029817320507339144,6.630300426037763,misalignment,misalignment_002,misalignment_002_w1
0.2679119483115187,0.0717720942266223,0.8020810203026949,1.4812162826089998,2.993823251847144,-0.6176999770260427,-0.28421353966739393,1.2045860760635756,0.18091666666666667,0.07194273520296017,58.59375,0.0016193024261754612,0.0,0.0,0.0,0.0,0.7895096222454583,0.05649772240762929,0.1539926553469125,738.9387797000178,1504.4337948082461,4.981162667707391,0.005352495265217961,11.96195618681538,misalignment,misalignment_002,misalignment_002_w2
0.3378497788330207,0.11414004526112344,1.0492295156374094,1.933567403318059,3.105609597441773,-0.6224913031881756,0.25055170981288,1.2036675228126168,0.18883333333333333,0.11368264092611093,64.453125,0.001954397193107269,0.0,0.00098205394062249,0.0,0.5024843179707683,0.7470068044142566,0.0696142736997263,0.1833789218860171,867.5571602938596,1597.1745523698319,5.351092135596262,0.0019758302802098293,3.1902246355210875,misalignment,misalignment_003,misalignment_003_w0
0.3402055618352112,0.11573725794662144,1.1113507685296689,1.9956886562103184,3.2667037027101427,-0.6454165848797921,0.24272965637723382,1.1999010397565508,0.18391666666666667,0.11575020651035796,64.453125,0.0020203867104000976,0.0,0.0010422167598325757,0.0,0.5158501362475233,0.7515500187941073,0.06776029199257674,0.1806896892133158,862.1211658313103,1601.0348985330104,5.3199373070648015,0.003130296029485388,5.101678653074844,misalignment,misalignment_003,misalignment_003_w1
0.34015040214808573,0.11570213621522935,1.1113507685296689,2.077916753632379,3.267233440005866,-0.6296277636643062,0.24226396698922134,1.2006239306962068,0.18233333333333332,0.11525150527834474,64.453125,0.00197449938770399,0.0,0.0010432651571145256,0.0,0.5283694508143998,0.7541985292593192,0.06690286081241138,0.1788986099282696,857.3245164445992,1601.4437428082035,5.298648984073371,0.003605387665574452,5.902724613093903,misalignment,misalignment_003,misalignment_003_w2
0.3205057864930258,0.10272339609947619,1.1796551362370384,2.306434474351209,3.6806048001342644,-0.3303307937306754,-0.07723859092975106,1.2249285228428286,0.28008333333333335,0.10229158010678667,58.59375,0.0009198371288842416,0.0,0.0011712369896872694,0.0,1.273309103219148,0.5961963115810381,0.11145487941499756,0.29234880900396426,1355.9992238147865,1856.8155865419385,6.729501909611091,0.003417607571804257,4.609629566358017,misalignment,misalignment_004,misalignment_004_w0
0.3218921616063784,0.10361128385074526,1.1796551362370384,2.306434474351209,3.6647526002188404,-0.34552240975155035,-0.0840656781275504,1.225031950439959,0.28,0.10407247694803771,58.59375,0.0009859208708696014,0.0,0.0012016202836227766,0.0,1.2187796395494945,0.6057378941351977,0.10939376307346778,0.28486834279133444,1332.397599787848,1857.8140789126342,6.657886887377153,0.003618290065063585,4.88743756063446,misalignment,misalignment_004,misalignment_004_w1
0.3203947403556534,0.10263148898969321,1.1585325922863006,2.1789340553897234,3.6159538418148633,-0.3739041571251924,-0.07364180928091608,1.2258717681175404,0.27825,0.10314879654987896,58.59375,0.000959015277371211,0.0,0.0011377851603540678,0.0,1.1864098385094437,0.6089502627176485,0.10795358496369284,0.2830961523186587,1324.3629640986042,1848.4742956696323,6.656626525110485,0.0041151013596365475,5.597305499151671,misalignment,misalignment_004,misalignment_004_w2
0.28474044774556106,0.08107711763186506,0.8215301800178045,1.566496322649718,2.8851896052081405,-0.7040539100184002,-0.095511699030518,1.1965343262200963,0.1315,0.08168712907606013,64.453125,0.0,0.006246222364853228,0.00046904425802994003,0.0,0.0,0.8677830141998918,0.03725214235727704,0.09496484344283115,479.7365656448465,1206.7567949535573,3.699842591601811,0.0025376507572213935,6.533965358157102,misalignment,misalignment_005,misalignment_005_w0
0.28377654523834955,0.08052893157343273,0.8215301800178045,1.566496322649718,2.894989715685576,-0.7177523349331856,-0.09837280139794236,1.196895814534365,0.13466666666666666,0.0804064299457459,64.453125,0.0,0.006115819119341831,0.0004772163487515058,0.0,0.0,0.8639914818060463,0.03615871363323715,0.09984980456071647,501.1749445581148,1243.7632442888485,3.740600215380125,0.002062277797625252,5.373145002999351,misalignment,misalignment_005,misalignment_005_w1
0.2830539214119441,0.08011060858960921,0.8496187570516225,1.6867743729234337,3.001614507983181,-0.6980235937895731,-0.11954144500708916,1.1993556695512364,0.13725,0.08006448111074928,64.453125,0.0,0.006108684022687315,0.00047464534088611674,0.0,0.0,0.865036416008798,0.036674939911314784,0.09828864407988723,496.3855629608689,1239.3719553884434,3.728730989352341,0.002652308316307085,7.109496093122604,misalignment,misalignment_005,misalignment_005_w2
0.36513263666245876,0.1333216693087109,1.2990577107408314,2.5242352327892066,3.557769370098037,-0.20793697695390234,-0.21538897949849378,1.238453031580787,0.30033333333333334,0.1337560057406429,58.59375,0.0021578547226741465,0.005692378951833071,0.00044628295015500756,2.637980625859152,0.20681788512710728,0.5842575164581707,0.11365793706250521,0.3020845464793242,1381.9963807811343,1866.4146510023056,6.746953828594586,0.006834992886890182,7.861557626498017,misalignment,misalignment_006,misalignment_006_w0
0.36651772632093077,0.13431821028866814,1.2990577107408314,2.5242352327892066,3.5443243735593533,-0.27037355427545284,-0.20851661199616936,1.2368314669137348,0.2906666666666667,0.13284382131855615,58.59375,0.002097222854747346,0.00589036395136469,0.00042454529846906817,2.8086495138230347,0.20243213424269757,0.593705370881245,0.10801125356514982,0.2982833755536052,1360.7982789753655,1853.8925417948278,6.653583327165624,0.007650158371864333,8.786807918611583,misalignment,misalignment_006,misalignment_006_w1
0.36769891251377845,0.1352000062742378,1.2660338483585232,2.470267835291538,3.4431264419665157,-0.2686332967249485,-0.16784219492984895,1.237373417410593,0.29675,0.135251263536456,58.59375,0.002119151406855721,0.00592600581918262,0.0004385631684861273,2.7964051082009744,0.20695225790253605,0.5874002205226427,0.11298894008081647,0.2996108393965408,1381.5916921650871,1868.7996353307087,6.700284685274205,0.010013837792532806,11.575348884445367,misalignment,misalignment_006,misalignment_006_w2
0.34545344534414046,0.1193378725029144,1.2850727048791104,2.3333466523625135,3.719959149919382,-0.2916537964334296,-0.21836544230378752,1.2342123484062222,0.2758333333333333,0.1199716576196723,58.59375,0.0009344553911394965,0.0,0.0,0.0,0.0,0.6481794374854253,0.09555800719967765,0.25626255531489706,1187.9828581613388,1784.5077373734364,6.010923233865846,0.0052867081262902805,7.036852375775119,misalignment,misalignment_007,misalignment_007_w0
0.3467996841184542,0.12026587248923348,1.2742786790118703,2.3148645435960677,3.674394001398868,-0.2899524897431469,-0.20426357225650096,1.235000252703128,0.27625,0.11971782552219207,58.59375,0.0009142469527398705,0.0,0.0,0.0,0.0,0.638685451710564,0.09802559610275799,0.26328895218667797,1225.6455393075018,1813.5196663781019,6.109749508091584,0.004063586641617501,5.447397848566675,misalignment,misalignment_007,misalignment_007_w1
0.3490828355150488,0.12184641549480042,1.2742786790118703,2.3148645435960677,3.650361889411594,-0.29721353273593687,-0.2156615355674495,1.2341194998215617,0.27308333333333334,0.12171485182328586,58.59375,0.000869043071487233,0.0,0.0,0.0,0.0,0.6393301225419146,0.09797646894750695,0.2626934085105785,1218.7538530185182,1800.9160416359803,6.085732657467492,0.005367557246660097,7.1183559284686355,misalignment,misalignment_007,misalignment_007_w2
0.344564062932563,0.11872356904129122,1.1791035977877853,2.306019700557691,3.422015597774501,-0.6454263365443302,0.10203030361596575,1.1985055044646629,0.20366666666666666,0.11857838036833473,58.59375,0.00044041426690763003,0.0076749968499068445,0.0012728206293483653,17.426767084083938,2.8900531272192405,0.7260832361757509,0.07243124723938017,0.20148551658486885,950.5229549196781,1657.0522075810854,5.306887504953719,0.004057944611200532,6.150227886054246,misalignment,misalignment_008,misalignment_008_w0
0.3450317136501788,0.11904598758144821,1.1988736059480576,2.3257897087179638,3.474676554409642,-0.6107978385027275,0.09618716072638392,1.2026473346078412,0.20233333333333334,0.11904979091951706,58.59375,0.0004438192154726242,0.0077006065725652596,0.0013792445373167251,17.35077325204332,3.1076719737066005,0.7308470862289865,0.07309204673466395,0.1960608670363495,927.007065281916,1635.991142007195,5.261981017180402,0.0033147570783602907,5.00876157751296,misalignment,misalignment_008,misalignment_008_w1
0.3448972582454594,0.11894870731433474,1.1988736059480576,2.2908762330707777,3.476031128942269,-0.5676337106611125,0.1116084137543347,1.2087352373015017,0.20058333333333334,0.11922829721209306,58.59375,0.0004420084810112238,0.007508937257282957,0.0013899236325750981,16.988219864252525,3.144563265834268,0.7196671655032113,0.07797618343049027,0.20235665106629835,954.6665689867738,1649.6064938726702,5.380691757361218,0.003418960929771427,5.180307271272197,misalignment,misalignment_008,misalignment_008_w2
0.26897550132746784,0.07233708249843933,0.9459261174087656,1.7063900604210083,3.5167742517082816,-0.4260965455005006,0.3138932514888865,1.221799602584823,0.227,0.07314893571166332,58.59375,0.001478144825138894,0.003190086227343729,0.0007772631623332724,2.158168924377198,0.5258369471748052,0.7176232999920166,0.07544697754302825,0.20692972246495517,968.3479914766274,1668.1620435959474,5.733138338747594,0.003727410104902192,6.972357738309859,misalignment,misalignment_009,misalignment_009_w0
0.2679556467760825,0.07180005650189439,0.9459261174087656,1.7063900604210083,3.5301592960988426,-0.4171577289433692,0.3039882952723152,1.2206649566676915,0.227,0.07153655059043663,58.59375,0.0014861863806770576,0.0030463031022274286,0.000769106459803311,2.0497449995737633,0.5175033695658894,0.7152382917603972,0.07552396984528911,0.2092377383943136,971.7529851904998,1664.1419741680497,5.768288775684004,0.003718710500451185,6.889854121380126,misalignment,misalignment_009,misalignment_009_w1
0.2677900432988083,0.0717113707069384,0.9066912066208035,1.6465030133983187,3.385828671789301,-0.41555187719967,0.30583943021034526,1.2205633529543274,0.2195,0.07142961383731102,58.59375,0.001488489538438541,0.0030943842056196024,0.0006924679340066036,2.078875346927652,0.4652151836639833,0.7098619619471581,0.07768374628659748,0.21245429176624442,998.6566690325283,1698.2590957716247,5.800831071242097,0.003988301661039076,7.706691147042413,misalignment,misalignment_009,misalignment_009_w2
0.27625003572495704,0.07631205548224486,1.065865175073159,1.9862564189962395,3.8583349764137833,0.10743666545243524,0.42388154915053045,1.267003364568918,0.31233333333333335,0.07570810349157817,93.75,0.0007856995027437884,0.0,0.0018656567441811128,0.0,2.374516895665507,0.6299007998856084,0.09905661867100639,0.2710425814433853,1257.8820345985328,1816.0923883857058,6.570784854413478,0.004444585897632324,7.13691050268325,misalignment,misalignment_010,misalignment_010_w0
0.27838451710499046,0.07749784847785679,1.0874738365136685,2.007865080436749,3.9063732704054677,0.0063966501313657,0.3917054641622226,1.2648163685700764,0.3094166666666667,0.07712881105411261,93.75,0.0007645679120908647,0.0,0.0019346117451790456,0.0,2.5303334270051443,0.633612424975366,0.1005505424504416,0.2658370325741925,1233.110623391066,1794.4853925333084,6.539103797696528,0.003375108294458124,5.438395864597406,misalignment,misalignment_010,misalignment_010_w1
0.27810164318800557,0.07733713102608711,1.0874738365136685,1.9690914448474723,3.9103466777379,0.005769019760882621,0.3784560184380545,1.2655558911287494,0.3145,0.07736578978522796,93.75,0.0007131413308882903,0.0,0.0020030314450346473,0.0,2.8087440150743572,0.6352127094784797,0.09821004704205055,0.2665772434794698,1240.4945621808017,1807.8074261214263,6.526662762024816,0.0025148608724865286,4.069460390338587,misalignment,misalignment_010,misalignment_010_w2
0.30871377569375896,0.095303035443554,1.049776408364401,2.039631723943727,3.400484497348019,-0.6374728524468782,-0.11848338055730831,1.1984890627950278,0.19166666666666668,0.09453489119715143,58.59375,0.0005602750799080086,0.006591006256513966,0.000515980235034914,11.763875447746384,0.9209408976741079,0.7428070374826665,0.07249305305749025,0.1846999094598433,881.75141265112,1607.9604803813224,5.046032376153225,0.004467989620648602,7.72393711437851,misalignment,misalignment_011,misalignment_011_w0
0.31008721860796773,0.09615405083166612,0.9709737241995258,1.8867585034930126,3.1312923136864064,-0.6622029632123883,-0.12786617437185413,1.198857425521332,0.19,0.09610876132593366,58.59375,0.000522427937381043,0.006753920521291169,0.0005015635330947243,12.927946685142654,0.9600626176484492,0.7440158679278216,0.07355930925373773,0.18242482281844072,866.8345186858455,1587.464911546209,5.029868852327366,0.005955149276664364,10.310581207733858,misalignment,misalignment_011,misalignment_011_w1
0.30704216819633884,0.09427008926095475,0.9709737241995258,1.8867585034930126,3.1623464943050896,-0.638809857984131,-0.11761914362475356,1.2000934765732956,0.19566666666666666,0.09502461574003725,58.59375,0.00047583091462261777,0.006571919258166296,0.0005041494293865823,13.811459188982068,1.0595138186564108,0.7340081367463525,0.07231470665409807,0.19367715659954943,905.001875545405,1615.6899216448355,5.116570373693412,0.005184323102371758,8.776241154417407,misalignment,misalignment_011,misalignment_011_w2
0.24493045569066285,0.05999087976207669,0.9182241561607112,1.8091216996923511,3.74891784515516,-0.21893697430387382,0.06675931287891464,1.2384999387559872,0.30491666666666667,0.0595807782350467,58.59375,0.001196154103100259,0.0012646506241270887,0.0011186965213273285,1.0572639602617226,0.9352444793090023,0.5661891923820848,0.1242671052053043,0.3095437024126109,1431.9213180630072,1871.8175253432516,7.154599129772107,0.004817660889020384,8.29044853078008,misalignment,misalignment_012,misalignment_012_w0
0.24507266766556746,0.06005473316596137,0.89089754353164,1.7166688971150426,3.635238282660643,-0.22546489642333878,0.0849042328304674,1.2400668422946604,0.299,0.0598570736924241,29.296875,0.0012420373666481022,0.001227924651222309,0.0011372300225786403,0.9886374469844822,0.9156165934425093,0.5697549304003982,0.1238303439549433,0.3064147256446585,1422.625914298862,1872.334430845257,7.149216967574489,0.0037102562370198685,6.342964501298707,misalignment,misalignment_012,misalignment_012_w1
0.24429345993365217,0.059674662031571984,0.8576771219430706,1.6877962576306693,3.5108476591064193,-0.2674257921829919,0.07378578276040318,1.2367480710055194,0.30133333333333334,0.059616653320381144,58.59375,0.0012472389675152297,0.0012718908666657421,0.0010826307185384698,1.0197651771573688,0.8680218841264276,0.572769297859691,0.1260631675712494,0.30116753456905954,1405.3879674201612,1864.118470472016,7.133736953243764,0.003537776644375228,6.0854551535151895,misalignment,misalignment_012,misalignment_012_w2
0.31985451746619686,0.1023060932182146,1.0229914638634983,2.0148124812719406,3.1983023781166726,-0.040138909250300614,0.21209962994087536,1.2944363130634775,0.25825,0.10155746190678053,58.59375,0.0018838867992848583,0.004846515183285472,0.0,2.5726148647175915,0.0,0.8324553583227569,0.04528720954458475,0.1222574321326584,597.4910578815823,1352.8227719924876,4.658673000635971,0.00403499487163799,8.368615514132413,misalignment,misalignment_013,misalignment_013_w0
0.31974665887816,0.10223627601104954,1.0229914638634983,2.0148124812719406,3.1993812459298,-0.04799958088586864,0.2131769578214311,1.2941179467218775,0.26066666666666666,0.10097131686825295,58.59375,0.0019016007981462052,0.004794028085906174,0.0,2.5210486294387766,0.0,0.8323406492165761,0.0456064804817691,0.1220528703016548,598.9378094901025,1357.7711091820279,4.655562585951021,0.003615529018184791,7.5806885786065,misalignment,misalignment_013,misalignment_013_w1
0.3186994478728067,0.10156919447250605,1.0107932014712264,1.985336671207709,3.1716189287991337,0.024258451732900088,0.22178877050512807,1.300680892226886,0.26575,0.10250483986296101,58.59375,0.0019308284836166401,0.004822913944925369,0.0,2.497846901394139,0.0,0.8316121157471467,0.04537851729597587,0.12300936695687749,603.9428109472778,1365.2887527266123,4.664029361215621,0.002549124127389994,5.226074624059607,misalignment,misalignment_013,misalignment_013_w2
0.21641524622970468,0.04683377951499169,0.6804741852827023,1.3236808677748786,3.144298736515274,-0.109554032044612,-0.1509712468012898,1.2834241341290795,0.2713333333333333,0.04673002984562728,64.453125,0.0014188619846937137,0.0015619791832202023,0.0007126707231782627,1.100867596757399,0.50228333049046,0.8020987641380039,0.05325506656442569,0.1446461692975703,691.140318746619,1454.0997127055755,5.042235673898518,0.0032843701180364157,9.362391820450231,misalignment,misalignment_014,misalignment_014_w0
0.21514859990342103,0.04628277570671099,0.6804741852827023,1.338991531499815,3.1628101953169265,-0.043726296082157834,-0.17210772421123433,1.2867111295312557,0.27925,0.046488808636188886,64.453125,0.001394023869849756,0.0015596522768208487,0.0007141702283051264,1.1188131785641116,0.5123084645473809,0.8015239130833006,0.05131485866382067,0.14716122825287883,700.9495800480754,1468.6666664031197,5.048112527157488,0.0035657212202472445,9.933930096590291,misalignment,misalignment_014,misalignment_014_w1
0.21500499746065632,0.04622685784968606,0.6796542627535692,1.3562536430325745,3.161109140627947,-0.06607213553663405,-0.17436996985824046,1.2853277728885062,0.27491666666666664,0.04691617160283815,64.453125,0.0014429374695193954,0.0015478047018345866,0.0007191760566514428,1.072676213994304,0.49841110362944663,0.8027399301787558,0.051863796107515445,0.14539627371372876,689.364874692071,1447.8541455735456,5.038420742064515,0.0026584571089743113,7.388967355083192,misalignment,misalignment_014,misalignment_014_w2
0.33794066292600106,0.11417097722488291,1.3886350713415434,2.6256405481787253,4.10910915341849,-0.11473975549393867,-0.07192421902834194,1.247558237116863,0.3754166666666667,0.11448382133030556,58.59375,0.0004432344034980272,0.003067527196530406,0.0011500494153326006,6.920778649674606,2.5946754273954262,0.4139664892977998,0.15056094890554153,0.4354725617966587,1973.6787733699978,1990.3066383382454,8.169711284894639,0.006720731428700044,7.182747871056909,misalignment,misalignment_015,misalignment_015_w0
0.3358689920563416,0.11280278208738193,1.3886350713415434,2.6256405481787253,4.134454517041578,-0.04826076734443463,-0.06522485595789287,1.2493810307096578,0.37866666666666665,0.11296883192035519,58.59375,0.0004204014331455204,0.003032351908539687,0.0010401197475460792,7.212991368395382,2.474110851058982,0.40242590520407645,0.15880936105819174,0.4387647337377318,1996.829874299561,1988.2088794547979,8.241862916673973,0.007609551479885437,8.042914764178946,misalignment,misalignment_015,misalignment_015_w1
0.33879779930916804,0.11477891796208049,1.362286655288383,2.5331478446968543,4.020943046460689,-0.08958005627216048,-0.05036347208103549,1.247007341119728,0.37883333333333336,0.11479627488388339,58.59375,0.00037169963903255096,0.0032518999004883574,0.0011200767943568793,8.748730316102293,3.013392203641044,0.41159423892338987,0.16014429836492342,0.42826146271168675,1943.30810225832,1969.3951791167071,8.128002161334262,0.007302020598652639,7.690344834513148,misalignment,misalignment_015,misalignment_015_w2
0.30273715422481345,0.09164947970210714,1.118806849856615,2.2088811587227606,3.695637731422242,-0.1397296999307751,-0.025472464640516817,1.2468338006041204,0.3560833333333333,0.09113692134627019,93.75,0.0005296777474331146,0.0,0.0018559322387361574,0.0,3.5038893888411207,0.4676947022787923,0.1437180699185466,0.3885872278026611,1793.5120636336264,1973.8522328947863,7.822387164259153,0.006578126917504864,8.22263498129911,misalignment,misalignment_016,misalignment_016_w0
0.30151645123088533,0.09089581347887979,1.118806849856615,2.2088811587227606,3.710599687974876,-0.14720310142348403,-0.06469761292500989,1.247772751502835,0.34925,0.09222545354662617,93.75,0.0005459926310188026,0.0,0.0018759742550385039,0.0,3.435896655854134,0.46454881182059826,0.14863743218449463,0.386813755994907,1779.1723896692513,1955.7173093281021,7.83754558528829,0.006451445136085464,8.020218048177972,misalignment,misalignment_016,misalignment_016_w1
0.3014200410153245,0.09084551454025708,1.261043073443418,2.241811429390365,4.183673617705152,-0.18474905626978444,-0.07697946314963432,1.2444861122999655,0.34558333333333335,0.09048203143353738,93.75,0.0005298056905408473,0.0,0.00179298661826214,0.0,3.3842343528469576,0.4678499975819702,0.1474831865423786,0.38466681587565105,1757.8698158862753,1941.0101188281521,7.825001035124915,0.00545436665866761,6.863681336027014,misalignment,misalignment_016,misalignment_016_w2
0.3255514223677237,0.10597417974589728,1.1209623230634718,2.2409631756784365,3.4432726937905946,-0.1813338412533616,0.08723304251266693,1.2399607270126405,0.35633333333333334,0.10590098349990429,29.296875,0.00202885766659124,0.0016478697060020426,0.0010806208584546782,0.8122155305111622,0.5326252680259577,0.44421373585397306,0.15075765597565483,0.4050286081703722,1838.9575696120648,1972.0043156582144,8.053446549906448,0.006727337498350387,7.536403475108491,misalignment,misalignment_017,misalignment_017_w0
0.3228318445963599,0.10421492314385646,1.3928612727641088,2.5128621253790735,4.314510157774609,-0.1463041884634988,0.10303312163966392,1.2414971311854033,0.3615833333333333,0.10432875844779303,29.296875,0.0019602317550228314,0.0015151612165624994,0.0010033002051626117,0.772950041585696,0.5118273401049591,0.4236830726060872,0.1560582853979895,0.42025864199592333,1908.2586182732568,1979.5322705351264,8.161045022845714,0.006554532229501471,7.3451506335672185,misalignment,misalignment_017,misalignment_017_w1
0.321678840374564,0.10346737602101348,1.3928612727641088,2.5162189006472246,4.3299748007741385,-0.11256252016727997,0.09804935057337441,1.2443803972391874,0.36775,0.10401357473823333,29.296875,0.0018877999232001918,0.0014469625008276324,0.000993685138365816,0.7664808558603746,0.5263720620781277,0.418209618416132,0.16392828899009992,0.41786209259376805,1915.5696850308955,1978.3332487534574,8.222697426573271,0.006814479627299518,7.5782172939368015,misalignment,misalignment_017,misalignment_017_w2
0.19207441889104412,0.036892579216852205,0.6913744381260187,1.287529725423674,3.5995133663177024,-0.35213894893736875,-0.1785766068023938,1.2268286284269307,0.24641666666666667,0.0368973253101901,58.59375,0.00034933988010955674,0.0,0.0007081509930877831,0.0,2.0271117997341137,0.6926575357147285,0.08502347783490097,0.22231898645037046,1050.912473522065,1713.9123652273404,5.954727769321657,0.002010369842356138,5.205317826705431,misalignment,misalignment_018,misalignment_018_w0
0.19240728157455517,0.03702056185783803,0.7057884705493096,1.272766894876257,3.66820041722707,-0.3683956556760464,-0.18173768270341353,1.2283308127539991,0.24458333333333335,0.03684511435671127,58.59375,0.00036181720435137253,0.0,0.0006887159571956907,0.0,1.9034914562184724,0.6882736024118589,0.0836565488546633,0.22806984873347774,1060.3684586775582,1708.34549583282,6.007203248974669,0.0018969361810027726,4.728137791542113,misalignment,misalignment_018,misalignment_018_w1
0.19165394396482782,0.03672997080438951,0.7057884705493096,1.2876896879963688,3.6826190786808715,-0.3835610242491123,-0.17381742937028205,1.2265643065912228,0.24433333333333335,0.03714084538372721,58.59375,0.0003503943137326779,0.0,0.0007086457370473618,0.0,2.022423621828522,0.6887706783441511,0.08308320898965418,0.22814611266619483,1064.775065884774,1714.0154629140047,6.010832940553468,0.0025251174369553004,6.408358909254286,misalignment,misalignment_018,misalignment_018_w2
0.3392480083385178,0.11507500398824755,1.2063202499756933,2.384786657066474,3.5558653855735227,-0.2812299470068145,0.04010676652408017,1.2315300751071865,0.31908333333333333,0.1156592640519298,64.453125,0.0,0.004449165918729575,0.00046504927660259243,0.0,0.0,0.4910449110977007,0.1397543445566822,0.3692007443456171,1694.7733925654272,1952.7219836669005,7.366024516594122,0.0057241343256322795,6.532172770172905,misalignment,misalignment_019,misalignment_019_w0
0.3387608942588501,0.1147490881337225,1.2609533064438594,2.4672735564195527,3.7222516760755573,-0.2450414359059403,0.045602633131774234,1.2327924856971102,0.31283333333333335,0.11471932605303993,64.453125,0.0,0.004526049640015515,0.0004394185504811462,0.0,0.0,0.4936419946815011,0.14245384265200042,0.3639041626664985,1683.501319351738,1951.9212988238585,7.327551479987339,0.006530737423682708,7.460775699156249,misalignment,misalignment_019,misalignment_019_w1
0.3401212160245982,0.11568141519517751,1.2609533064438594,2.4296413081086827,3.707364454302859,-0.25327574087877736,0.023593398692997956,1.2332484215271988,0.3254166666666667,0.11665785929245819,64.453125,0.0,0.004536377159064624,0.00043838236892887174,0.0,0.0,0.49180733400146925,0.1370745117613405,0.37111815423719025,1695.171640814521,1949.391104367636,7.361977050301023,0.007447897058935081,8.232399931542645,misalignment,misalignment_019,misalignment_019_w2
0.40990832033326624,0.16802481017299398,1.422257347665367,2.6323729998678296,3.469696215263536,-0.49997180262372476,0.1609651217597002,1.2127825115814588,0.25816666666666666,0.1667364264013052,64.453125,0.0018135868372113836,0.0,0.0021366294143923127,0.0,1.1781235783987314,0.6148421382047409,0.10559389038175242,0.27956397141350664,1296.2029115761468,1834.3780005249619,6.623762830397297,0.009027151241916184,9.653341195626934,misalignment,misalignment_020,misalignment_020_w0
0.40698974788509684,0.16562950552357256,1.3288690976694888,2.5389847498719513,3.2651168845773015,-0.5109199274241534,0.14730885778304117,1.214488744110205,0.2559166666666667,0.16572874631238899,64.453125,0.0017365619192265757,0.0,0.0021683160761681967,0.0,1.2486258348529917,0.6119585970104997,0.1053263578575383,0.2827150451319621,1295.7642192867868,1826.492092240467,6.630935741015069,0.004861307361313949,5.21642521112653,misalignment,misalignment_020,misalignment_020_w1
0.40641856876359445,0.1651514759024318,1.3847094648440568,2.6332614403787957,3.40710186804854,-0.44225539979203443,0.1480062105291237,1.2214623709104684,0.2658333333333333,0.1642092461017951,64.453125,0.001650148845394535,0.0,0.0020205925180643647,0.0,1.224491065580972,0.5990460922254977,0.10725501946014561,0.2936988883143567,1347.4207261561455,1853.0513170105776,6.751139454964271,0.004613542027251262,5.030786582713755,misalignment,misalignment_020,misalignment_020_w2
0.32120600150018,0.10317321254187199,1.3174330383146327,2.546628870045261,4.101520619669662,-0.19304419925036242,0.09004841324203396,1.2374120412735534,0.33758333333333335,0.10195495306429139,58.59375,0.0013075793173777874,0.0,0.0008181705398850669,0.0,0.6257138890249669,0.44124882882847555,0.15352019734169156,0.4052309738298329,1842.5355503081646,1958.9700931023012,8.049458763217718,0.008229861261486098,9.271701178095244,misalignment,misalignment_021,misalignment_021_w0
0.3207106077072535,0.10285321134616236,1.3174330383146327,2.433914726554954,4.1078561377589144,-0.21601064629226396,0.05955868827377333,1.2373227361875405,0.33875,0.10291677614335261,58.59375,0.0012862566661679506,0.0,0.0007955528937862051,0.0,0.6185024456715448,0.4385262822042528,0.15483582461038825,0.40663789318535903,1838.3686833169909,1950.6894738570552,8.042675641990868,0.004577399918213498,5.188277423896028,misalignment,misalignment_021,misalignment_021_w1
0.32110885254007565,0.10308627332370854,1.3162195463214466,2.583338687935427,4.098982435114202,-0.2003487908872441,0.048645061587326836,1.2409564802252393,0.34441666666666665,0.10242809832170294,58.59375,0.0013595019766172239,0.0,0.0008563528463062422,0.0,0.6299018765953245,0.4461949326819568,0.1487855102442012,0.405019557073842,1829.8012377957448,1961.4614702069753,8.001685984347931,0.004933904640954984,5.594268998878987,misalignment,misalignment_021,misalignment_021_w2
0.25900985189739356,0.06708598349113476,0.896901193153541,1.6559260397096236,3.462807250701982,-0.6263473930582282,-0.06837696917906391,1.2025987292945572,0.19808333333333333,0.06683628263212346,58.59375,0.001365842327987658,0.003598720376834281,0.00030776348235276294,2.6347992759430716,0.22532870452638656,0.7285093900131573,0.07650202650323397,0.1949885834836087,926.9875615653059,1650.7503438957408,5.460317134294463,0.0024763872834608963,5.023563111761882,misalignment,misalignment_022,misalignment_022_w0
0.26014487822390475,0.06767348131605992,0.896901193153541,1.7077551655129,3.447698833346182,-0.6321759427922702,-0.05507250614981614,1.20349381474355,0.19566666666666666,0.06751511685295784,58.59375,0.0013260046178219724,0.0037211166193557646,0.00026277005165459006,2.8062621874333145,0.1981667696498695,0.7237432741493186,0.0764197220260346,0.19983700382464673,934.7203788605076,1644.5933997960085,5.469348405402426,0.003996513557712318,7.949774365185972,misalignment,misalignment_022,misalignment_022_w1
0.2595367944541208,0.0673584915491739,0.8108539723593589,1.5965939621452794,3.124235136157915,-0.65388507116749,-0.04063283794231575,1.1998074621333072,0.19391666666666665,0.06773335428974919,58.59375,0.0012920255215765094,0.00371079689999155,0.00027033061891458543,2.872077089826905,0.20923009213063548,0.7223648981415296,0.07832093382689286,0.19931416803157762,935.0522030128924,1641.5869735374336,5.494868509469587,0.00306738897062641,6.107358258558574,misalignment,misalignment_022,misalignment_022_w2
0.3651461084081993,0.1333294214957118,1.4470381074711705,2.606035569512133,3.962901628006718,-0.19755844840517245,0.1576494345389672,1.238677046166299,0.32775,0.13346637305300807,58.59375,0.0007643902084371347,0.005465948994681979,0.0007753736868457449,7.15073130758387,1.01436894178834,0.5049262647491117,0.1348600096221928,0.36021372562869547,1639.8953025868273,1934.2203318652346,7.348269109500299,0.0057461738794172285,6.12405772410834,misalignment,misalignment_023,misalignment_023_w0
0.3649965305554081,0.13320986557527928,1.4470381074711705,2.6460289197058042,3.964525649789714,-0.16670064462072887,0.13350687884023507,1.2388917515120847,0.3215,0.13321726881751006,58.59375,0.0007936822473548861,0.005587946083697748,0.0007327494186109869,7.04053303739722,0.9232276783977835,0.5129050375697455,0.13167441527082696,0.3554205471594276,1614.2009426341267,1921.2711870138467,7.292705053712625,0.006528865710315722,6.883157750103883,misalignment,misalignment_023,misalignment_023_w1
0.36106712666140883,0.13036761561470525,1.396570522660343,2.595561334894977,3.8678971845863415,-0.17723921963680223,0.11868376513858028,1.2396049239166733,0.318,0.1305361316322864,58.59375,0.0008226484846445755,0.005389601723625086,0.0007270996743514912,6.551524526242407,0.8838522016674399,0.5122970446763148,0.1366474440406833,0.35105551128300194,1610.8106130852723,1920.9193159786792,7.301566851734862,0.007749629482311119,8.370782955069359,misalignment,misalignment_023,misalignment_023_w2
0.3313578301914469,0.10979628492532993,1.0700643650822137,2.0935538784361554,3.2293317603630136,-0.48512891265040015,0.4046667133398065,1.2071023113444628,0.177,0.11036044315191373,64.453125,0.001717856543362076,0.0,0.002153630213001416,0.0,1.2536729107696458,0.7833468457117897,0.058139363549547435,0.15851379073866287,761.8108231674346,1512.672692569129,5.153875870741384,0.005995055857986828,10.379367285406062,misalignment,misalignment_024,misalignment_024_w0
0.3324772832073141,0.11053851230333919,1.0700643650822137,2.0935538784361554,3.2184585808678596,-0.48378656337956905,0.41370104980892564,1.2109163748282328,0.17566666666666667,0.1107683407092196,64.453125,0.0017258827167039143,0.0,0.002289182917953101,0.0,1.3263838242293635,0.7863634854919072,0.05633456344157025,0.15730195106652262,752.5574198571376,1501.5152062603966,5.128919894400973,0.004600438693352237,8.078887192493912,misalignment,misalignment_024,misalignment_024_w1
0.33104656748319017,0.10959036201748767,1.0579706107608067,2.057034716502817,3.195836219671808,-0.45067447637430025,0.42078058050463696,1.215007852030684,0.17725,0.10902283165913923,64.453125,0.001734371254739481,0.0,0.002259524288326542,0.0,1.3027915921415245,0.7909106442227382,0.057381319362942274,0.15170803641431949,733.4993156428365,1482.6410007651796,5.100660369698083,0.003752943487452063,6.64585886472052,misalignment,misalignment_024,misalignment_024_w2
0.3741361681896426,0.1399604278148739,1.3292552619310936,2.621751018634251,3.552864905745544,-0.2526321922127699,0.04945059431594662,1.2344883089908587,0.32283333333333336,0.1410160564739699,58.59375,0.0009095629933709212,0.005496773761393848,0.0006495799989899287,6.04331288921762,0.7141671371023216,0.4980574203475061,0.1339477857236178,0.36799479392887624,1673.1120497575444,1943.4099162584846,7.389291163934048,0.00878850385955969,9.017371890385299,misalignment,misalignment_025,misalignment_025_w0
0.3745867973874805,0.14030233046003948,1.3292552619310936,2.621751018634251,3.5485907971179342,-0.1881401803592495,0.03581398873922998,1.2413766752159572,0.31775,0.13975099514713774,58.59375,0.0009363030455113013,0.0056144829713915155,0.0006405478399306722,5.996437796830543,0.6841244861922653,0.5131667188240429,0.13183625962795203,0.3549970215480052,1621.8442678371482,1932.1481646422849,7.27150924013967,0.010362526914044465,10.837360503961044,misalignment,misalignment_025,misalignment_025_w1
0.37453740614218206,0.14027826857981526,1.4543929535394966,2.8062439967659345,3.8831714261068475,-0.17602916111247557,-0.005908599884146587,1.2391071120331136,0.32208333333333333,0.14088120522040581,58.59375,0.0008720010727276441,0.005744705594655406,0.0006550057132668255,6.587957027031863,0.7511524168404393,0.5100832025578093,0.13260105497798913,0.35731574246420156,1633.2422110164516,1939.2386902032654,7.261677549178449,0.0042954137421444966,4.503329336255589,misalignment,misalignment_025,misalignment_025_w2
0.35122072806774185,0.12334274982629415,1.436978096607085,2.673757413627291,4.091381805717137,-0.07804188288461233,-0.14675804085395017,1.2503040817741509,0.37425,0.12310783219422636,58.59375,0.0008290206567371121,0.0026360044175816728,0.0018191823670229083,3.1796607191388317,2.1943751970944954,0.4392945565735649,0.15375929821588566,0.4069461452105494,1866.8508221764037,1981.9929143998722,8.010881457261597,0.004992562102400959,5.226739228242636,misalignment,misalignment_026,misalignment_026_w0
0.34891782695465057,0.12172435599283499,1.436978096607085,2.7322213021892248,4.118385435186869,-0.11310127794393043,-0.1456797959706728,1.2477825238736717,0.3750833333333333,0.12076717936992237,58.59375,0.0009089726305562597,0.002617391252264556,0.001729841213587127,2.8795050194886542,1.9030729368919768,0.444131851495104,0.15059387596060086,0.4052742725442952,1866.036180505355,1993.3769031061233,7.997154163811808,0.0037691589415505536,4.064560799500416,misalignment,misalignment_026,misalignment_026_w1
0.3439692656029034,0.11831365832089527,1.3005191943430052,2.595762399925145,3.7809168562298074,-0.06443646832409122,-0.16840513162297827,1.2510032195034444,0.36891666666666667,0.11792249442364834,58.59375,0.0009103143789088592,0.0024476290520840274,0.0016168390201664784,2.6887733609325797,1.7761325731276365,0.4398107388783131,0.15399902695448595,0.40619023416720096,1852.1572127443014,1969.7895704156876,8.065994651953845,0.005545716875179449,5.932826717529962,misalignment,misalignment_026,misalignment_026_w2
0.3414907307840744,0.11661422252162736,1.105112036502445,2.1237070082175906,3.236140652969028,-0.4339758444844142,-0.08818621319471194,1.2279256385134787,0.19558333333333333,0.11612015180088016,58.59375,0.0012452275933579422,0.008450028780231614,0.0006630516783596207,6.785931202700744,0.5324742897574272,0.8059535719960688,0.05525548683212861,0.13879094117180255,674.035822980772,1431.4619572344643,4.502803775030865,0.003915656032301312,7.160810963361245,misalignment,misalignment_027,misalignment_027_w0
0.3391044848922771,0.11499014599630376,1.112341363714509,2.0779417108637315,3.2802319440507106,-0.4058444731290911,-0.08612793883261116,1.2294871030856431,0.19925,0.11548795469519746,58.59375,0.001293265879361322,0.00840836405550161,0.0005946494904694256,6.501651508546774,0.4598045150337475,0.802303804883851,0.052490045813876,0.14520614930227302,694.2283873407614,1453.6276124181172,4.5284252308051265,0.002900632245853661,5.268284781575641,misalignment,misalignment_027,misalignment_027_w1
0.33649081440547635,0.11322505376135357,1.112341363714509,2.0406573212933266,3.305710932049757,-0.4765250684965938,-0.1029937755234841,1.224235185435376,0.2035,0.1135351809965756,58.59375,0.0011984990839761255,0.008376091114882522,0.0006029045718472076,6.988817285612024,0.5030496726347249,0.8041267881471161,0.051342951300866836,0.14453026055201712,689.572334236758,1450.7551753815192,4.501053851832685,0.0035080171710868296,6.352088739020423,misalignment,misalignment_027,misalignment_027_w2
0.39083065385093635,0.15274168170725544,1.3182027472244577,2.5147681073882664,3.372823329582595,-0.30361014929679087,0.12216117370879316,1.2366517655061913,0.2669166666666667,0.1531468367843966,58.59375,0.0017825779382413607,0.008607181737565372,0.0005396646774954581,4.828502335251027,0.30274394511348857,0.6832342584912902,0.08293941756806994,0.23382632394063982,1090.9017717662066,1751.9280814961287,5.7314702307000225,0.005840842499142013,7.177700124103475,misalignment,misalignment_028,misalignment_028_w0
0.39174775418126484,0.15345488857148357,1.3829381181063771,2.724882712227754,3.530174974446645,-0.2344960891709431,0.11021287822543795,1.2415592963629711,0.27025,0.15239033041575328,58.59375,0.0017606337360480256,0.008462238374686558,0.0005923073094277871,4.806359324728814,0.33641710782919504,0.6797420483183942,0.08449802385743847,0.23575992782416724,1096.0807090141145,1749.7672143846073,5.792102160302809,0.007294958595809948,9.075882363231212,misalignment,misalignment_028,misalignment_028_w1
0.39224614916959194,0.15384467064888693,1.3829381181063771,2.724882712227754,3.5256894708441067,-0.22803193701145474,0.12461772086367856,1.242410145094395,0.27,0.15205491008264463,58.59375,0.0017197622082886425,0.008453803936813376,0.0006311740881611948,4.915681886756812,0.36701241899557974,0.6828867033005935,0.08287650188904754,0.234236794810359,1079.1680640847674,1729.7176600387686,5.781744453506423,0.006041008846411092,7.495305671439869,misalignment,misalignment_028,misalignment_028_w2
0.3560681658723021,0.12675889970578189,1.180195743065166,2.1972817568638456,3.3145219263673895,-0.5187260288282327,-0.1759884571426123,1.213013663750311,0.25233333333333335,0.12673927819494402,58.59375,0.0015090604013699698,0.005241425203605559,0.0018316106662666655,3.473303784823482,1.213742448349897,0.6310765948076559,0.09952915722562532,0.2693942479667188,1258.8648323816124,1831.0958586126847,6.492603986466969,0.006826636557858257,8.783542944862123,misalignment,misalignment_029,misalignment_029_w0
0.3543242310360708,0.12551425650351222,1.1929369905837368,2.281771956052645,3.3667948339166616,-0.4801172848327706,-0.1811979979599778,1.2161469917940926,0.25,0.1263779870675883,58.59375,0.0015132996734080455,0.005174959305387755,0.0018552473052383792,3.4196526942567975,1.2259616108026021,0.629176234664538,0.09790451864489508,0.27291924669056694,1265.834105693669,1832.285344575272,6.509051081243319,0.006144297213484268,7.786237137689489,misalignment,misalignment_029,misalignment_029_w1
0.3524182882709775,0.12419861517104124,1.1929369905837368,2.281771956052645,3.385003078121976,-0.47338215549961715,-0.15310984076478967,1.2154318848144277,0.24766666666666667,0.1235183711392122,58.59375,0.0015279417241121454,0.004987183584477758,0.0017740276652938342,3.2639880865716293,1.1610571511323078,0.6217516132553955,0.10245511803059973,0.2757932687140048,1286.9791419081748,1840.4124476449892,6.564284034892076,0.005516313028101151,6.896624298656996,misalignment,misalignment_029,misalignment_029_w2
0.3337581004948512,0.11139268663141016,1.0929523212524652,2.121436675104585,3.274684029037749,-0.5624798339685158,-0.15811881719333995,1.2101528142055882,0.22091666666666668,0.1111097482190683,64.453125,0.0,0.006098348729209899,0.0010794622650212873,0.0,0.0,0.6978732909178564,0.07793446082479424,0.2241922482573492,1042.0903119264497,1710.572145175531,5.571581402076124,0.0046461218952106404,6.954725439552109,misalignment,misalignment_030,misalignment_030_w0
0.3350380155693978,0.11224997766692812,1.0929523212524652,2.157968872117956,3.262174053278672,-0.5525761285736879,-0.17054911033584275,1.2082161494378962,0.21341666666666667,0.11213301367275906,64.453125,0.0,0.006271405825942438,0.0010992687303824937,0.0,0.0,0.710284987102721,0.07468688407085307,0.21502812882642597,1003.5252038033382,1689.457162258208,5.43794422218998,0.004768417446027303,7.1401985874807,misalignment,misalignment_030,misalignment_030_w1
0.33385728219763,0.11144904693717145,1.0650165508654905,2.1233291248330373,3.190035406311862,-0.5328527632617832,-0.17400050711798204,1.2082913595368245,0.21558333333333332,0.1117057417400798,64.453125,0.0,0.006181154567983553,0.0011134258766388088,0.0,0.0,0.7055806587930333,0.07849383474708926,0.21592550645987743,1008.1001309733585,1682.0048825920996,5.506590457028461,0.0037393648642973848,5.551835546939001,misalignment,misalignment_030,misalignment_030_w2
0.38177964060229036,0.14575558906540786,1.3862774313243136,2.613788081509367,3.6310931330370084,-0.157819297245676,0.2941415063926549,1.241861712266769,0.31675,0.14565955868367278,58.59375,0.0014435795219024182,0.006479696466142086,0.0005765141908013004,4.488631466317028,0.399364345402699,0.5696439461870682,0.12157669209611957,0.3087793617168123,1429.6446152726876,1882.5974453308322,6.820242686963868,0.007459157927988259,8.169091173737007,misalignment,misalignment_031,misalignment_031_w0
0.38102071937513465,0.1451763055909992,1.3862774313243136,2.614711267546565,3.638325583967657,-0.1765737885026537,0.2786039850076029,1.2408379724066827,0.3115,0.14329195154211585,58.59375,0.0015273967254591616,0.006406652000600617,0.0005579695660566542,4.194491119309339,0.3653075568097208,0.5721241537174011,0.1221284111158471,0.3057474351667518,1408.6682082155878,1863.7651821403722,6.8001929577469715,0.008960491266341063,9.736505814174416,misalignment,misalignment_031,misalignment_031_w1
0.3839455140694965,0.14741415727022647,1.5704147898310725,2.7988486260533243,4.090202209126001,-0.15080914654110122,0.27608016395674506,1.2462481460653316,0.3233333333333333,0.14777186179214963,58.59375,0.001538956033957414,0.006631181514968454,0.0005203808106110347,4.308883014621554,0.33813884160997065,0.5726195545067878,0.11821239040368646,0.3091680550895258,1411.0507977863135,1866.3373242921966,6.801552062910054,0.0071330630233389465,7.690960404526244,misalignment,misalignment_031,misalignment_031_w2
0.4003830072465408,0.16029440395191039,1.2735940468466247,2.5250979079981004,3.1809393101001247,-0.48035759880744333,0.018960150948001044,1.2177074958553042,0.23941666666666667,0.15988988284833508,58.59375,0.0011573570988446598,0.009026240501387964,0.001017856415774573,7.799010789667661,0.8794661706319126,0.6442284717421763,0.09766024294647252,0.25811128531135114,1207.3356228278635,1805.4460372712124,6.1153953197916575,0.005953929125209112,6.788963548464608,misalignment,misalignment_032,misalignment_032_w0
0.3967320926156998,0.15739590502078063,1.3102181879966819,2.561722049148157,3.3025263455705445,-0.4771517847287421,0.03270350689735927,1.2183231283891558,0.24091666666666667,0.1572880045650826,58.59375,0.0011210780503422746,0.008805522514968255,0.0010856388826638883,7.854513351929293,0.9683883136704295,0.65008523040113,0.09242753597111736,0.2574872336277527,1188.9987135018441,1791.7722812021198,6.079277023891425,0.004982356657487247,5.621218324312729,misalignment,misalignment_032,misalignment_032_w1
0.3945317733528075,0.15564484870373732,1.3437343491240838,2.6457174633242637,3.405896406529616,-0.46648337041679877,0.028639344750640876,1.2173897711855637,0.25475,0.1551801426639679,58.59375,0.0010581206380965566,0.008590658827220788,0.0010748769698192763,8.118789595366408,1.0158359369616516,0.6412729010146994,0.09310310643748176,0.26562399254781893,1224.4454753769837,1812.1167066041933,6.148641994335577,0.004047673202927099,4.573330815752306,misalignment,misalignment_032,misalignment_032_w2
0.3062092419918398,0.09376188225873625,1.0275762243345035,1.8631073814979928,3.3557975508847884,-0.49185067734238475,-0.3445972713097515,1.2116600352813274,0.19191666666666668,0.09365067160478169,58.59375,0.0008770139616990068,0.00491209776091299,0.0019394549336655277,5.600934506671894,2.2114299411018417,0.7708992151122014,0.0601293747231921,0.1689714101646065,801.4666229843767,1538.8418822317644,5.179546179675807,0.00411425143294384,7.570281667504636,misalignment,misalignment_033,misalignment_033_w0
0.3065739156128634,0.09398670945100812,0.9915065987074482,1.8473998263913844,3.2341518577187327,-0.500121338598114,-0.34321286977325577,1.2131495400125394,0.19091666666666668,0.0941666116220873,58.59375,0.0008645187880085194,0.0049236963677650545,0.001946902498955969,5.6953029084621045,2.2520071581565015,0.7674643155184206,0.06123894262635478,0.17129674185522445,818.4267143486945,1560.7340073408702,5.210007554267877,0.0028911420213563323,5.312663573373706,misalignment,misalignment_033,misalignment_033_w1
0.30475767507528867,0.0928741986410409,0.9578241474865254,1.8137173751704616,3.142904103235137,-0.5219372468630041,-0.33270103957053804,1.2111128712633668,0.189,0.09284728412285961,58.59375,0.0008522438607027179,0.004853075145816595,0.001916284199162734,5.694467709999096,2.2485162845088276,0.7685862178510996,0.06223955533117057,0.1691742268177298,810.7027625608191,1554.0326457705348,5.191610384344087,0.003947126188197264,7.3440273976851485,misalignment,misalignment_033,misalignment_033_w2
0.27931847185747727,0.0780184862246058,0.9368337729168597,1.8072352512962089,3.3539986334841494,-0.657793411787011,-0.10454836574318443,1.197399847744739,0.20908333333333334,0.078335524844081,64.453125,0.0006780298281309544,0.003504668158275484,0.0009915833587259702,5.168899675013404,1.4624479891384017,0.6789293497428154,0.09092175837782067,0.23014889187936405,1087.0257318662907,1733.7138357140807,5.970478862304285,0.0030192661467737616,5.161710708901565,misalignment,misalignment_034,misalignment_034_w0
0.2785977789964936,0.07761671712284036,0.9551487222041024,1.8290850600708393,3.428414704684792,-0.635024275767671,-0.09121090075114524,1.2002063482012977,0.21558333333333332,0.07724743721345115,64.453125,0.0006742428522935405,0.003493565895180375,0.0009192686810968215,5.181465229177402,1.3634088636902684,0.6779161682916302,0.0904112443899993,0.2316725873183706,1087.513283532573,1730.0640213425759,5.96430895960094,0.0028870390964628808,4.987140519878086,misalignment,misalignment_034,misalignment_034_w1
0.27980857535670367,0.07828818268021502,0.9551487222041024,1.8291379028662178,3.413579162062729,-0.5816703804571137,-0.1182621253371069,1.2052418467615356,0.21683333333333332,0.07863843739610984,64.453125,0.0006528001338925408,0.0035776035418136503,0.0009499510942494209,5.480396458378438,1.4551943924781654,0.6801506429241044,0.0848725069124667,0.23497685016342892,1098.137688752407,1745.760330373543,5.941777761887634,0.002674471768420245,4.658626596480303,misalignment,misalignment_034,misalignment_034_w2
0.2166263010928773,0.04692612677905037,0.7760763482405446,1.385763682717728,3.5825582781280385,0.05244316683218253,-0.6765775968495336,1.2649040109714917,0.21858333333333332,0.04705963711059854,58.59375,0.0010666649699573865,0.0,0.0,0.0,0.0,0.7941487519825324,0.05624476297917577,0.14960648503829185,725.3428294752478,1482.9389292348935,5.1432502813909196,0.0018435426137513417,5.183314321390416,misalignment,misalignment_035,misalignment_035_w0
0.2171989855562461,0.04717539417597134,0.7760763482405446,1.385763682717728,3.573112214373446,0.08092626108065959,-0.7006561440023985,1.2670386968303475,0.2215,0.04747016829901653,58.59375,0.0011078760058818354,0.0,0.0,0.0,0.0,0.7999630103769727,0.05393769555214242,0.14609929407088484,707.9241839212881,1466.5053404554774,5.078763097494803,0.0022761224634023354,6.4206422346655545,misalignment,misalignment_035,misalignment_035_w1
0.2187210468362937,0.0478374007178206,0.7619848767086665,1.343825133737963,3.4838205455325473,0.07951491552759204,-0.7095158946851648,1.2638781862744386,0.21483333333333332,0.04802822004077434,58.59375,0.001136819352190944,0.0,0.0,0.0,0.0,0.8039034890176651,0.05298350691826706,0.14311300406406782,690.2131183348727,1443.4087350683685,5.049845403094698,0.0023138754090768635,6.364614255949123,misalignment,misalignment_035,misalignment_035_w2
0.40982362429353675,0.1679288173289098,1.5639912916883736,2.8605696406571983,3.8162546007063827,-0.1294535039799487,-0.2742301224549031,1.244997510736231,0.2976666666666667,0.1699219932760897,58.59375,0.00154301648378801,0.0,0.0007894489805156156,0.0,0.5116270557120474,0.6234783812747418,0.10535614279469854,0.2711654759305596,1250.7732244914205,1808.6906539152783,6.334289000906508,0.0035873146782913045,3.922740362411506,misalignment,misalignment_036,misalignment_036_w0
0.41094285161190486,0.1688502872930387,1.5639912916883736,2.8605696406571983,3.8058608041329545,-0.1465154709063996,-0.2677114740309412,1.242962761353713,0.30125,0.16915251207623533,58.59375,0.0015255585782345345,0.0,0.0007545803676582805,0.0,0.4946256265895243,0.620881807550842,0.09879521100949223,0.28032298143966583,1283.6214832402402,1830.4095279570736,6.365190119090444,0.0031034318403618723,3.340576722369883,misalignment,misalignment_036,misalignment_036_w1
0.41584877929571873,0.1729293437364371,1.6549547882869144,2.9070020288238343,3.9797033697916464,-0.1361086660798212,-0.2590607163202784,1.2471110733914477,0.29941666666666666,0.1724924747960744,58.59375,0.001563780899694572,0.0,0.0007717491956205458,0.0,0.49351491361179756,0.6206228149295647,0.09895268682771077,0.28042449824272436,1292.3301676419117,1837.37570777169,6.389478069160045,0.004582541212868342,4.932663226805652,misalignment,misalignment_036,misalignment_036_w2
0.3688599731291451,0.13602285872847944,1.1414450147549184,2.2407232683857017,3.0945212218927214,-0.4936358551841331,0.04189941460699228,1.2153889176433885,0.24833333333333332,0.136072874956138,58.59375,0.0018578080963935566,0.0,0.0007319166132184435,0.0,0.39396782403912767,0.6389613438591648,0.09760116596364762,0.26343749017718754,1215.2684443570472,1800.321893562642,6.321528060319833,0.004810167599003326,5.9121700164576545,misalignment,misalignment_037,misalignment_037_w0
0.37015900558357784,0.13701645392640363,1.2348021176915756,2.3647235518779777,3.335869448170891,-0.5251607775419003,0.060740907986228124,1.2101554039536955,0.24408333333333335,0.13595095145555908,58.59375,0.001812802159816647,0.0,0.0007798363680896707,0.0,0.4301828326200505,0.6407232924754951,0.09943223269772741,0.2598444748267776,1202.2318572369265,1789.9270429063636,6.290059868234131,0.004379829062311955,5.4136617487803,misalignment,misalignment_037,misalignment_037_w1
0.3683357791271677,0.13567084983581726,1.2348021176915756,2.4145102518647468,3.3523816790691434,-0.48442765312922687,0.05938623706766809,1.2134590876150217,0.25175,0.13612055540159604,58.59375,0.001817263118181808,0.0,0.0007700878640194332,0.0,0.42376244601822693,0.6350696688549075,0.09766799962110365,0.2672623315239889,1228.170161032372,1801.0658253386214,6.348586263228029,0.006178015170960094,7.575186354350282,misalignment,misalignment_037,misalignment_037_w2
0.34468336819110257,0.11880278417842677,1.1143371446626598,2.1713148825236974,3.232929835027139,-0.3877687172710229,0.16206324663833005,1.2234379133047966,0.27066666666666667,0.11864859414127635,58.59375,0.0005008915961157938,0.004580661837536163,0.001931783228895531,9.145016352953995,3.8566892394995387,0.598536169771593,0.11046998348585088,0.2909938467425563,1356.088030695864,1861.1970542163579,6.688929100116841,0.008712831931536847,11.009870710003508,misalignment,misalignment_038,misalignment_038_w0
0.34654088572471176,0.1200871711826355,1.2317326169725402,2.3284100513793318,3.5543644854391436,-0.40076114696457354,0.1451372521261083,1.2223532791057112,0.2649166666666667,0.1187368010300853,58.59375,0.000550862357519721,0.0045865158067064996,0.0019919995091509995,8.326065021682483,3.6161474494646066,0.599809477069001,0.10810112026485458,0.2920894026661444,1353.3069298712824,1857.6471389445478,6.6784213182197565,0.00670706931294497,8.396181888427527,misalignment,misalignment_038,misalignment_038_w1
0.343034274701743,0.11767244846907962,1.2317326169725402,2.3284100513793318,3.59069838733605,-0.36558626868419486,0.1526532764145046,1.2243645201683646,0.27,0.11741841494671477,58.59375,0.000579214551109003,0.0045444093128473246,0.001901703889446536,7.845813445374073,3.283246054170093,0.6023034804487362,0.10997427728851288,0.2877222422627509,1345.1543565592096,1856.8939047167291,6.671750328966473,0.003825393008286952,4.90528381386145,misalignment,misalignment_038,misalignment_038_w2
0.3355590263737261,0.11259619190199574,1.2062739542025125,2.384822288528962,3.5948189719058097,-0.3589303645625441,-0.0146814982878777,1.2249756323028687,0.2648333333333333,0.11385825339435358,58.59375,0.0007946445841265668,0.005322702187921556,0.0,6.698217409701472,0.0,0.6022161042775803,0.10950895436184646,0.28827494136057313,1334.0930691171548,1849.5101703593261,6.4618540491563685,0.003976694478355437,5.222894802205418,misalignment,misalignment_039,misalignment_039_w0
0.3317481154288473,0.11005645801232163,1.1879989598315812,2.3560197790228203,3.5810270038636616,-0.35711595920107,-0.014281227671107288,1.2272069973670858,0.267,0.11077348117085875,58.59375,0.0008004286729016071,0.005282526608659417,0.0,6.5996219119811235,0.0,0.6048138856778724,0.11073068426632164,0.2844554300558059,1324.326679166495,1848.3248630361734,6.409250375366838,0.004722976532084591,6.190947420160624,misalignment,misalignment_039,misalignment_039_w1
0.3320765426122653,0.11027409270297918,1.2240288262588017,2.392049645450041,3.6859840102827905,-0.37367601383241755,-0.008022337489600705,1.2266315985220702,0.2655,0.10935410282485106,58.59375,0.0008197735729701276,0.0052530087573359864,0.0,6.407877651268718,0.0,0.6117778932315249,0.10668063275329753,0.2815414740151776,1296.4720509934948,1824.001585691228,6.376078404448581,0.005429137581595129,7.064347874776435,misalignment,misalignment_039,misalignment_039_w2
0.1779680004153293,0.031663054833716835,0.9243958344024619,1.7452649772120123,5.1941687957676175,1.387658340534089,0.17156584888555973,1.304181364480848,0.4721666666666667,0.031394216977451934,29.296875,0.0001666122001978476,4.990103089639742e-05,2.0259449796591094e-05,0.2995040629506198,0.12159643635060056,0.12271500355419214,0.177295392833327,0.6999896036124807,2795.3364341833385,1616.3346103170115,9.560765878803336,0.04903216687530752,73.99379708383424,bearing_fault,bearing_fault_000,bearing_fault_000_w0
0.1775044309914179,0.031505086165283545,0.9243958344024619,1.7268657615713483,5.207733853399723,1.2897518970317101,0.13283747997246936,1.3022339949220996,0.47175,0.03154815300920748,29.296875,0.00015934504322980873,5.5779630935690354e-05,2.141120496429083e-05,0.3500556390401458,0.13437007220495345,0.1209483849751008,0.1785817987460752,0.7004698162788241,2786.486459438664,1610.1420483227976,9.551156519968934,0.04805324790450421,71.52335816423428,bearing_fault,bearing_fault_000,bearing_fault_000_w1
0.17786012909820098,0.03163018780463861,0.9439836144975546,1.8309754650128258,5.307449282106154,1.1777708765559973,0.12208925417181002,1.2981581883263884,0.4708333333333333,0.03160084131532992,29.296875,0.00016947239066640823,5.4061647096571235e-05,2.196079125638935e-05,0.3189997313661959,0.12958329772793062,0.1291154447210503,0.18246958198630536,0.6884149732926442,2759.912304868511,1635.3216392555164,9.563532617921336,0.04843363588659015,72.7114544976868,bearing_fault,bearing_fault_000,bearing_fault_000_w2
0.23440408358450357,0.05494519506472614,1.1729451974359706,2.177063242433009,5.003945236359841,0.40279332793100187,0.05702298153902487,1.267262813777741,0.5003333333333333,0.055247198441375316,29.296875,6.025965976009552e-05,2.8522541381060725e-05,2.7327068714390302e-05,0.4733272888465362,0.4534885995570544,0.08857365380966918,0.20551885842433965,0.7059074877659912,2976.4367202444623,1649.426930145746,9.844040329018075,0.041952214769813444,47.99062471137285,bearing_fault,bearing_fault_001,bearing_fault_001_w0
0.234345188431469,0.054917004167081625,1.0847614514059332,2.0888794964029715,4.628904304229641,0.394044244435535,0.07339064543795606,1.2681942661007826,0.5040833333333333,0.055075095029062805,29.296875,6.42292264421898e-05,2.1483568291511462e-05,2.816189217168967e-05,0.33448275001175637,0.4384591521904297,0.08882156490611039,0.20479641416097213,0.7063820209329174,2975.594512113267,1648.7540180259805,9.837488779208485,0.04158699823683587,47.6325088648594,bearing_fault,bearing_fault_001,bearing_fault_001_w1
0.23455880473931334,0.05500803872322894,1.0847614514059332,2.0653935123447367,4.624688689949319,0.39591458091847986,0.06090854644271617,1.268507981170132,0.5058333333333334,0.0556161498288216,29.296875,7.537674791114761e-05,2.9094895346377134e-05,2.8512529651540136e-05,0.3859929773127587,0.3782669117689988,0.08932438369368226,0.20706491804918578,0.7036106982571321,2978.8465296473314,1659.2357881322087,9.843630092231212,0.037506876013977654,43.420001813290355,bearing_fault,bearing_fault_001,bearing_fault_001_w2
0.24702957831186612,0.06102303884689459,1.0055456631908641,1.8693288013503322,4.070547624549633,0.03599982874398977,0.012434499929264198,1.2508873682544797,0.48775,0.061248740435169625,29.296875,0.00017157118715701675,4.825925462530299e-05,2.1977442468420982e-05,0.2812783161611955,0.12809518213747564,0.11454488579803851,0.23634162414751722,0.6491134900544443,2894.583534376215,1768.753250972114,9.847603211636041,0.010173346587955713,11.846487657096022,bearing_fault,bearing_fault_002,bearing_fault_002_w0
0.24902344124065037,0.06201241546348079,1.0055456631908641,1.9585078966197678,4.037955857413152,-0.018255848150079856,-0.0026684068966080494,1.2504743314034672,0.49091666666666667,0.06152890804085514,29.296875,0.00017397046380964712,3.087911456279179e-05,2.727263814356593e-05,0.1774963053301894,0.1567659104099807,0.1097608727384693,0.22837672822728206,0.6618623990342487,2932.7261390645617,1769.0726386666659,9.837129343697743,0.009423731785164998,10.846973856786752,bearing_fault,bearing_fault_002,bearing_fault_002_w1
0.2508352672890499,0.06291802946405664,0.9823206412084787,1.9399071078768202,3.9161982755658595,0.029142341948841466,-0.027259683645725313,1.254575091161468,0.5014166666666666,0.06214303973190449,29.296875,0.00016732043736350762,3.402347731606748e-05,1.709683024574072e-05,0.2033432248455738,0.1021801670802321,0.10494080940826482,0.23426876807978497,0.6607904225119503,2928.8414616268183,1759.5204761734522,9.856861779269975,0.011591591106172241,12.929581119888208,bearing_fault,bearing_fault_002,bearing_fault_002_w2
0.237122196126272,0.05621348831155514,1.17095607789032,2.1610692145027297,4.938196832770409,0.27173592960537407,-0.023775980467745896,1.2657457392807978,0.4811666666666667,0.05630889031410556,29.296875,0.00034325074134892774,3.1708628436117335e-05,1.670761157320454e-05,0.09237745069830536,0.04867465546482418,0.12218550865608208,0.2049045786952816,0.6729099126486363,2840.23310501513,1717.6756371249317,9.687243222110574,0.0301261032872778,34.84786190215639,bearing_fault,bearing_fault_003,bearing_fault_003_w0
0.23670001957341874,0.05602243405879193,1.0413872796735182,1.949330949700372,4.399607915328053,0.2267482187478458,0.04542164626842162,1.2653686186619906,0.4810833333333333,0.05580953718767548,29.296875,0.0003278206319125197,2.52128351863473e-05,1.7470327562424952e-05,0.07691045874463279,0.05329233691150648,0.12153063159543638,0.20748260100613752,0.6709867673984261,2842.1977720293517,1719.822069755641,9.714728552457153,0.03087750812189152,35.85685781498132,bearing_fault,bearing_fault_003,bearing_fault_003_w1
0.23863351541388425,0.05694137856154366,1.2621827357752613,2.2551236756636754,5.2892098311762314,0.24185249245877039,0.10337894349299079,1.2655760867794008,0.47758333333333336,0.056456822035585316,29.296875,0.0003476923205592385,2.513502504079812e-05,2.0029473997075318e-05,0.07229099854828605,0.057606892107537284,0.13057389223460758,0.20324258818574448,0.6661835195796478,2811.3984357809336,1719.6689068380776,9.692207850078022,0.03092974428042488,35.17418691025418,bearing_fault,bearing_fault_003,bearing_fault_003_w2
0.25558737512027757,0.06529992570202246,1.0644120050526247,2.1139038240429526,4.164571918122795,0.301913577497261,0.022525685873556345,1.2669120461474046,0.49916666666666665,0.06576159257020961,29.296875,0.00013160314798853489,0.0,6.581100654103694e-06,0.0,0.050007167417279653,0.0871901967626975,0.21091063818214204,0.7018991650551605,2966.6489892232753,1646.7582076869867,9.82504581997345,0.05037821612253397,53.38769966683729,bearing_fault,bearing_fault_004,bearing_fault_004_w0
0.2530980715206661,0.06402217827596231,1.0644120050526247,2.1139038240429526,4.205531866194851,0.34928830061375304,0.05476312932372944,1.2677367976056069,0.49783333333333335,0.06377188423676582,29.296875,0.00011403547125977327,0.0,1.195796204732467e-05,0.0,0.10486177603532136,0.08443366103678199,0.20768074626178737,0.7078855927014306,2982.4748915553882,1643.3377556488845,9.837052877057095,0.05131756583294111,54.04693897422632,bearing_fault,bearing_fault_004,bearing_fault_004_w1
0.24992852684199574,0.06246300533195974,1.0456515835727371,2.058947767296962,4.183802452585958,0.34896914943990875,0.08483110667509054,1.2688803668014896,0.48983333333333334,0.06277225623780601,29.296875,0.00010415148729299201,0.0,1.0373178604116906e-05,0.0,0.09959702807638043,0.08783984496769727,0.21715076648250137,0.6950093885498012,2944.890725181889,1658.4011018688554,9.840032031828663,0.05173593776602961,55.18314494793296,bearing_fault,bearing_fault_004,bearing_fault_004_w2
0.2457098467618623,0.06037233625950055,0.9975975719513464,1.9147390069842805,4.060063465499616,0.0003948194635823299,0.05269454584597982,1.255403796117023,0.4856666666666667,0.0597939365274118,29.296875,0.00035975199909126437,4.9220541161277065e-05,1.3384330888901878e-05,0.13681797817832406,0.037204326654781,0.13754256005053103,0.2242925098583808,0.6381649300910881,2830.1419604085645,1797.546692799971,9.746682057696713,0.022660557604137883,26.95821609586503,bearing_fault,bearing_fault_005,bearing_fault_005_w0
0.2494979032881866,0.062245728474980846,0.9262595894353401,1.8473214366527766,3.7124944828311803,-0.003705292846814867,0.02250241778813709,1.253788356562483,0.4761666666666667,0.062489913345831434,29.296875,0.0003567760048940962,6.964798726696591e-05,1.7145407600648094e-05,0.19521488640369722,0.04805650426445428,0.13823009622080912,0.22593578759340274,0.6358341161857882,2816.261520222129,1789.6173506074108,9.749053875121447,0.019547190043984527,22.279716452939496,bearing_fault,bearing_fault_005,bearing_fault_005_w1
0.2527318850820401,0.0638726371707011,0.9765415345724595,1.9028011240077998,3.8639427480844426,-0.02754828726417946,0.007801348678255008,1.2489148917964168,0.47533333333333333,0.06411803354990528,29.296875,0.00043762689880052304,6.765652475051271e-05,1.579102634769755e-05,0.15459864312717117,0.03608330838661574,0.15109779569180679,0.22174486805697627,0.6271573362512168,2793.7226851326113,1832.3499778042196,9.70177893780837,0.013670089389748294,15.623237311899441,bearing_fault,bearing_fault_005,bearing_fault_005_w2
0.2828417565725392,0.07997174011703104,1.1689088130250622,2.2611812403345324,4.13273070847047,0.04667422496168161,-0.004654173055688497,1.254822879327724,0.5003333333333333,0.0800601586593104,29.296875,0.00011381523885210882,3.291860698807773e-05,0.0,0.2892284664169802,0.0,0.10382358634786228,0.23608409386782953,0.6600923197843082,2959.6238308074157,1762.2427997887157,9.904425539766493,0.0077201754729712664,7.908638109067781,bearing_fault,bearing_fault_006,bearing_fault_006_w0
0.2815889311800832,0.07925437813837302,1.231990463957762,2.2768850636220668,4.3751381092812665,0.07654842783636218,0.03646979568761418,1.2562359389124311,0.49366666666666664,0.07988191521907358,29.296875,0.000122440709637204,4.8180691150215316e-05,0.0,0.3935022207317839,0.0,0.10096984876981684,0.24048590983213175,0.6585442413980515,2940.9908638288875,1764.9517892674266,9.891128407316803,0.008836749055250767,8.89783446289886,bearing_fault,bearing_fault_006,bearing_fault_006_w1
0.28109839004129467,0.07899860709599767,1.231990463957762,2.4063846956995754,4.382773105803903,0.08731962239846691,0.013221943408919074,1.2601097840041489,0.48725,0.07871187065499802,29.296875,0.00013733128655369305,4.6097892338317844e-05,0.0,0.3356692673252918,0.0,0.10070036888678048,0.25351367012536535,0.6457859609878541,2895.230799201727,1749.2191743278097,9.891062681368416,0.013699065238826327,13.832937387716107,bearing_fault,bearing_fault_006,bearing_fault_006_w2
0.1472065323957882,0.021657366859495993,0.7780805764678251,1.519067483212429,5.285638917000175,1.760129108870852,0.20311853476164207,1.320981949172548,0.47841666666666666,0.021671157460725093,29.296875,6.428863142595078e-05,0.0,7.468431129753872e-06,0.0,0.11617032380532465,0.10636785879954817,0.16830698044071885,0.725325160759733,2802.7023067798077,1527.6973903295877,9.493774721582838,0.050261817623942856,89.28344571583374,bearing_fault,bearing_fault_007,bearing_fault_007_w0
0.14657400792206404,0.02148147165088284,0.7504610075556142,1.4165875676878072,5.120014238504329,1.5807741383540144,0.200101630756495,1.3184380957334338,0.47641666666666665,0.021596984226133292,29.296875,6.835135758923947e-05,0.0,9.265342546666744e-06,0.0,0.13555462354306455,0.1084032008231007,0.1595451219538735,0.7320516772230259,2832.684579667769,1538.641920551291,9.495881167020976,0.04946046579723253,89.66968277332339,bearing_fault,bearing_fault_007,bearing_fault_007_w1
0.14603990513561588,0.021327569092795366,0.7504610075556142,1.4165875676878072,5.1387393524990275,1.76201199267134,0.15927557409870308,1.3264608127067106,0.47933333333333333,0.02111656637533231,29.296875,6.379762813973265e-05,0.0,1.0156025271857683e-05,0.0,0.15919126726174623,0.10260940234149045,0.15800094191398797,0.7393896557445216,2855.9371852555764,1529.9602094827753,9.520128394781946,0.05052792106941287,91.9404032329798,bearing_fault,bearing_fault_007,bearing_fault_007_w2
0.23149390842390113,0.05358897191673485,0.957664085313495,1.9039952678142436,4.136886762306782,0.036978499086747885,0.004551563254827698,1.2532153343277688,0.48633333333333334,0.0536126625271768,29.296875,0.0002972450533606284,1.6500869648585523e-05,0.0,0.055512680403014394,0.0,0.12350459435214559,0.23099168999216244,0.645503715655692,2860.8279732463093,1784.8288755682331,9.75103205387207,0.01382276581077511,17.10391484660735,bearing_fault,bearing_fault_008,bearing_fault_008_w0
0.23115104388209046,0.05342440630813263,0.957664085313495,1.9039952678142436,4.143022974198624,-0.001568944160102781,0.026965603643427188,1.249811625407533,0.48483333333333334,0.0535457272975424,29.296875,0.00030606195395263666,2.019761289440094e-05,0.0,0.06599190991744938,0.0,0.1322232593368815,0.2300156447227491,0.6377610959403694,2832.201604608011,1796.3281271197077,9.753572533959272,0.016154329217834298,20.420008954338346,bearing_fault,bearing_fault_008,bearing_fault_008_w1
0.23053968429801747,0.05314169602032899,0.9293482648249588,1.8452808176021191,4.031185640141656,0.03811034652296996,0.01615617606379756,1.2532222529555772,0.489,0.05327992982226262,29.296875,0.00027910861200599474,1.7057728888182724e-05,0.0,0.06111502173145541,0.0,0.12745638153024436,0.2308895380975908,0.6416540803721649,2841.643288935995,1767.5192578099022,9.76436710222675,0.016266627824482335,20.433617225796926,bearing_fault,bearing_fault_008,bearing_fault_008_w2
0.250984938606443,0.06298461700177407,1.157354267871364,2.102549160561364,4.6112498793648875,0.09043456189360777,-0.03851025199103637,1.2578914054808452,0.488,0.06257291371699562,29.296875,0.00032879088591534426,4.061580013497415e-05,0.0,0.12353079685253728,0.0,0.12555700467531916,0.22781213021603045,0.6466308651086503,2831.3427564677127,1762.5418986407428,9.770418937970618,0.01864279791063682,21.01442059794374,bearing_fault,bearing_fault_009,bearing_fault_009_w0
0.24806104758872086,0.06153426386760594,1.157354267871364,2.102549160561364,4.66560259710839,0.06555590369100539,-0.04087443712359003,1.255365931701692,0.47933333333333333,0.0617361431192916,29.296875,0.0003604388521028127,3.747675294656326e-05,0.0,0.10397534208069575,0.0,0.13401187319517577,0.22087273629716384,0.6451153905076604,2821.484396249868,1764.2049572921537,9.746620910513947,0.01676060320085259,18.783232028951215,bearing_fault,bearing_fault_009,bearing_fault_009_w1
0.24860363827329757,0.06180339952942137,0.9588476786630462,1.8328380551595405,3.8569334114449108,0.007456110643497382,0.0024365958052342965,1.2543312647735123,0.47683333333333333,0.060670705112976744,29.296875,0.00032930388943666416,3.6118234433772486e-05,0.0,0.10968055826962589,0.0,0.13168832393386165,0.2206765843095782,0.6476350917565601,2831.798623032642,1766.5153139170345,9.762368035305132,0.016929336627646875,19.360722700858258,bearing_fault,bearing_fault_009,bearing_fault_009_w2
0.16936105206186353,0.028672895833470734,1.0250796849227481,1.8139421760981007,6.052629411798359,2.2888311934268577,0.20985723002835596,1.3434678938425415,0.4668333333333333,0.028718110705991732,29.296875,0.00024375234408575318,0.0,2.8617647037358555e-06,0.0,0.011740460238319077,0.1326900718782161,0.14417658067911063,0.7231333474426733,2743.4883947141657,1552.7593632053727,9.236064419203775,0.055808187245594616,89.01621186865812,bearing_fault,bearing_fault_010,bearing_fault_010_w0
0.1689126544322596,0.028520288940047534,1.0159955217256038,1.8108036766874849,6.014916556373558,2.319581886026625,0.23506562465291436,1.3400145865127508,0.46066666666666667,0.02886754385332383,29.296875,0.0002383382171302618,0.0,5.3257372696621766e-06,0.0,0.02234529289422115,0.134296897900762,0.14330071932228497,0.7224023827769531,2748.151307386207,1556.4387870865587,9.23536229358616,0.058278657362241956,94.09112871962327,bearing_fault,bearing_fault_010,bearing_fault_010_w1
0.1678849856900623,0.028182238244469724,1.0159955217256038,1.920638768000226,6.051735463713621,2.131450697803679,0.1543292411767222,1.3376878215817358,0.45808333333333334,0.028427052515326248,29.296875,0.0002256703082033545,0.0,7.2693764171799815e-06,0.0,0.03221237421552795,0.130968332635348,0.14682300495519343,0.7222086624094586,2747.7040153252847,1543.6032398245463,9.270403656706062,0.05758895553945879,91.86612606070507,bearing_fault,bearing_fault_010,bearing_fault_010_w2
0.2021718377479007,0.040865874830536636,0.9034485423766183,1.7440644292592717,4.46871608054124,0.08611618197964699,0.018288618388192672,1.255982722185542,0.48625,0.04056443976107047,29.296875,0.00012798590608246015,5.1043238638237825e-05,1.0880268602169606e-05,0.3988192153388447,0.0850114589582977,0.11724683739513823,0.22531986648208666,0.6574332961227751,2848.555529366132,1732.9203851971565,9.822085042840577,0.021790680997693365,29.954897535357915,bearing_fault,bearing_fault_011,bearing_fault_011_w0
0.2031487601732419,0.04126941476833117,0.7860871325521984,1.5447600587589818,3.8695147924202753,0.05344497623134625,-0.010165180858831774,1.2551855927359714,0.48575,0.04122755922169858,29.296875,0.00013219107357469295,6.350073849793191e-05,8.661949224862987e-06,0.4803708509262662,0.06552597683510497,0.12287646410940718,0.21840494461801474,0.6587185912725779,2838.948578958926,1724.337160823296,9.806848937037621,0.025838631349072074,34.15979705342045,bearing_fault,bearing_fault_011,bearing_fault_011_w1
0.20354854731730698,0.04142781448602695,0.8206640834152189,1.5994988875062974,4.031785508819698,0.10028421637330309,0.030336875364383627,1.2599307480798885,0.48491666666666666,0.04193296856156243,29.296875,0.00014401756428660277,4.457668199368882e-05,1.0434104144587094e-05,0.3095225378550272,0.0724502195011621,0.11447838330174809,0.22406814258977847,0.6614534741084734,2843.9528003902124,1711.219562555003,9.808614828144545,0.02766287891166307,37.11092383977999,bearing_fault,bearing_fault_011,bearing_fault_011_w2
0.266876726869659,0.07121485298024402,1.012620616967316,1.992193944430127,3.7943384155107456,-0.04116340759715076,0.0017598443760860703,1.2516933287353322,0.4935833333333333,0.07089509961133553,29.296875,0.00014660859572565048,1.926894597809913e-05,0.0,0.13143121576689282,0.0,0.09834316905593161,0.24039427210478514,0.6612625588392833,2929.2854991820536,1739.7598969940784,9.889783672950363,0.007324069813389052,7.821677990425554,bearing_fault,bearing_fault_012,bearing_fault_012_w0
0.26815592850108416,0.07189991694347428,1.105358933963635,2.084932261426446,4.122075316933245,-0.07100084583797539,0.001549389200993734,1.2492722425155622,0.49925,0.07179106554025974,29.296875,0.00014843679730799664,2.959262552231324e-05,0.0,0.19936178938777882,0.0,0.10125529782843733,0.2330548699349873,0.6656898322365753,2960.4732811131107,1759.2429702288985,9.885274604818793,0.00740249989066293,7.817977391700951,bearing_fault,bearing_fault_012,bearing_fault_012_w1
0.26997907121711406,0.07288824791497704,1.105358933963635,2.0807352430264814,4.094239338554943,-0.048796595644357676,0.022196691042008162,1.2505327414628922,0.49725,0.07209625135061322,29.296875,0.0001821854588822286,3.6429474613590616e-05,0.0,0.19995819006137022,0.0,0.10624329235091753,0.23706187195680858,0.6566948356922739,2928.0967400373597,1764.246718114255,9.869657666837373,0.011058343505135295,11.657808529367873,bearing_fault,bearing_fault_012,bearing_fault_012_w2
0.18997361223432757,0.03608584264494091,0.7801524440702832,1.4763587638735385,4.106635836918157,0.02697797926958767,-0.0018435275675630222,1.256960069228769,0.4895833333333333,0.03585801421299802,29.296875,8.716488869630194e-05,0.0,8.029496313681766e-06,0.0,0.09211847148291519,0.10592083281471201,0.23387596501558186,0.6602032021697061,2915.6056372543862,1738.4360663873676,9.865524784282542,0.01723151690856679,25.736827835161023,bearing_fault,bearing_fault_013,bearing_fault_013_w0
0.18922961019474904,0.035807595972372826,0.6962063198032554,1.3654372222864337,3.679161623208663,0.02020428597003221,-0.005099634353343913,1.257723202050979,0.49125,0.03559431990541615,29.296875,9.334104899094879e-05,0.0,1.454507703796274e-05,0.0,0.15582722923301587,0.10364837228589587,0.23568783196834953,0.6606637957457546,2911.4782466131805,1730.7713726671418,9.85395068531205,0.014588170103401294,21.789535488606518,bearing_fault,bearing_fault_013,bearing_fault_013_w1
0.18899244614793514,0.03571814025355067,0.7716696483663119,1.4540355415274875,4.083071382452409,0.03589081830757879,-0.0019302835741266823,1.2566976878968958,0.4925,0.035839198106668003,29.296875,7.882477904652674e-05,0.0,2.0285492879878912e-05,0.0,0.25734918797432077,0.10623998196328722,0.2300752320037625,0.6636847860329502,2932.596120330198,1758.3887496132022,9.862735498660125,0.013172291519834298,19.706457349194476,bearing_fault,bearing_fault_013,bearing_fault_013_w2
0.23837710723220865,0.05682272062676725,0.9963864748205866,1.940938678313744,4.179874847839241,0.28312174451831407,0.04060870443944068,1.268017091459781,0.48075,0.056866680268108906,29.296875,0.0003501558997825404,1.2770770641669295e-05,1.3761029205916324e-05,0.036471670617574656,0.03929972110840464,0.1315538185150435,0.19990925757240843,0.668536923912548,2815.5783666838774,1717.8505736125821,9.652623645185521,0.03474685863409565,39.61022139677981,bearing_fault,bearing_fault_014,bearing_fault_014_w0
0.23939983529034412,0.05730915829154128,1.1259609162163189,2.2436796696313226,4.7032652083939555,0.30160215662741674,0.05619053929304928,1.2644747356175063,0.4806666666666667,0.05769424461274558,29.296875,0.0003234311579004772,2.0192504488911477e-05,1.9579778856144825e-05,0.06243215594931921,0.06053770138673438,0.12766690434752637,0.20237239198797152,0.6699607036645021,2821.012432105828,1701.824699634827,9.667702090394998,0.03619313282045944,41.48038832182049,bearing_fault,bearing_fault_014,bearing_fault_014_w1
0.23951601346757012,0.05735287965404075,1.1259609162163189,2.2436796696313226,4.700983871246551,0.345945355459766,0.03401761062350208,1.265574664316164,0.48141666666666666,0.05759199847192039,29.296875,0.00032300987911675045,2.127379979081986e-05,1.5485389211571702e-05,0.06586114285108458,0.04794091516307642,0.12141178007172837,0.21059147400185016,0.6679967459264213,2844.8170721768315,1710.6221223023852,9.663024009216375,0.03954301465347796,45.60737318579376,bearing_fault,bearing_fault_014,bearing_fault_014_w2
0.20089264120481012,0.04034603047239559,0.9677929890838386,1.9034758190306527,4.817463612801891,1.0530886424545107,0.1484943883298613,1.2944412482066336,0.46975,0.04071193253811663,29.296875,0.00031339555432653954,1.8709375772769807e-05,0.0,0.05969891887258793,0.0,0.13471195096723548,0.1754063154949238,0.6898817335378408,2796.413331477467,1667.7126846376439,9.522718168464047,0.052088076134983355,69.88236700272809,bearing_fault,bearing_fault_015,bearing_fault_015_w0
0.20042319327360902,0.040160596388187586,0.9677929890838386,1.9034758190306527,4.828747478155633,1.0304245106052417,0.11380467733102302,1.2967428851390277,0.4715,0.04001753459420297,29.296875,0.00026374026774540955,2.704277414157216e-05,0.0,0.10253562860441452,0.0,0.12523888354533505,0.18182868306424954,0.6929324333904154,2779.952481112299,1632.7647603309117,9.566924386372584,0.05498006979070589,73.88654916771397,bearing_fault,bearing_fault_015,bearing_fault_015_w1
0.20046616840436654,0.0401778577847137,1.00302290917886,1.8934314731147353,5.00345228904476,0.9610650474868687,0.1062920396167941,1.29589755905832,0.47358333333333336,0.04065403292973449,29.296875,0.0002639724313379406,2.2353040670197815e-05,0.0,0.0846794513991546,0.0,0.12271265104289189,0.18842752072652408,0.688859828230584,2771.7474591143286,1630.8908898925208,9.560676350347535,0.05427048077540853,73.71766867802081,bearing_fault,bearing_fault_015,bearing_fault_015_w2
0.1776659575157459,0.0315642786649322,0.7180665715261405,1.4093651968882601,4.041666628580216,0.12649177427507707,0.03911907322645506,1.25883260880654,0.4489166666666667,0.031592419483006125,29.296875,0.0,1.6877259488216966e-05,8.409984131141746e-06,0.0,0.0,0.18676927573501653,0.20240574322124577,0.6108249810437376,2637.773496614949,1823.9977764176208,9.372578746353222,0.03434580180849703,56.229847474515594,bearing_fault,bearing_fault_016,bearing_fault_016_w0
0.17727210148303144,0.03142487162109573,0.7855977239083846,1.5223818195790049,4.431592548044467,0.23395677419712957,0.04864751003685171,1.2607658374324664,0.44783333333333336,0.03144150960276483,29.296875,0.0,1.2939347385835729e-05,9.714931176305102e-06,0.0,0.0,0.19194352533505976,0.19470291923674468,0.6133535554281955,2625.222577554897,1822.4148552766087,9.349056400530738,0.03262502806104081,52.9163600390562,bearing_fault,bearing_fault_016,bearing_fault_016_w1
0.17623457072720322,0.03105832267039684,0.7855977239083846,1.5223818195790049,4.457682284847653,0.15410771324732542,0.010659194194525138,1.2580325816101192,0.45625,0.030807120971761102,29.296875,0.0,1.3408757078247594e-05,1.087181395267004e-05,0.0,0.0,0.1804624025858202,0.18993328853693467,0.6296043088772452,2668.3591257412822,1798.8149705488854,9.39009625004109,0.029272768179800703,47.64957110507226,bearing_fault,bearing_fault_016,bearing_fault_016_w2
0.2570921207111073,0.06609555896013158,1.0765170579058185,2.118901502360613,4.1872814107574055,0.35644144158670965,0.03944845292609447,1.2676803764156948,0.49266666666666664,0.06615342614573066,29.296875,0.00019888121999679778,4.154244346136797e-05,0.0,0.20888067491760587,0.0,0.09668825257005337,0.21094945218547356,0.6923622952444731,2910.554316140972,1655.1040221838664,9.796990095431529,0.050972435302850706,53.99745835690545,bearing_fault,bearing_fault_017,bearing_fault_017_w0
0.25519853996813685,0.06512584111211564,1.1249384434444536,2.135320885103646,4.408091220211954,0.22980107882397327,0.03726244453452859,1.2633326684952915,0.4846666666666667,0.0647803561889275,29.296875,0.00019739485319963842,3.5870326880967966e-05,0.0,0.18171865324517827,0.0,0.10278607626948888,0.20867460972727447,0.6885393140032366,2907.094210028097,1673.3506965780605,9.797985538885847,0.05458463336620995,58.35996986316233,bearing_fault,bearing_fault_017,bearing_fault_017_w1
0.2550226971439673,0.06501850151044929,1.456983296984399,2.394331217314759,5.713151469658765,0.3168845707353647,0.0648012320266323,1.2656646587648117,0.48741666666666666,0.0648817033520885,29.296875,0.0001895797489325646,4.4457153574605654e-05,0.0,0.23450370530039846,0.0,0.10347385566480964,0.21164085960961024,0.6848852847255802,2894.081276403891,1676.6517495137293,9.789248100663471,0.05658120559393781,60.42609748134264,bearing_fault,bearing_fault_017,bearing_fault_017_w2
0.12315998027345355,0.015168359925789417,0.5902083544508505,1.0790233917553738,4.792208906987513,0.2918368721748892,0.027605118777965926,1.2671673938376067,0.47483333333333333,0.015017186329762063,29.296875,0.0,4.007619478795813e-05,9.666153883657912e-06,0.0,0.0,0.1370009713415167,0.20048822953274106,0.6625107991257422,2812.2486601253845,1738.4360010425967,9.68996748675756,0.023350094456427026,52.798266680481596,bearing_fault,bearing_fault_018,bearing_fault_018_w0
0.12371240954587304,0.015304574636549545,0.579336206048755,1.104067513800735,4.682927187138287,0.2664044622735968,0.05423494734251085,1.2648485436873649,0.4735,0.015386304045177043,29.296875,0.0,4.3410720497968815e-05,1.108469788334456e-05,0.0,0.0,0.13847611881817135,0.20535606843660192,0.6561678127452268,2769.7038387006614,1727.115620995313,9.686485374183585,0.02589973102124374,58.76706555672103,bearing_fault,bearing_fault_018,bearing_fault_018_w1
0.12436167646176488,0.0154654527913585,0.579336206048755,1.0627444095143435,4.658478580633098,0.2463733571430149,0.0373485340916657,1.266141560564049,0.4741666666666667,0.015535935958435257,29.296875,0.0,5.2284522491450214e-05,6.044730654028629e-06,0.0,0.0,0.13836681702480552,0.19813413520911832,0.6634990477660762,2781.722035653489,1725.8216476455952,9.672911354476572,0.024477387233991312,53.92290754864529,bearing_fault,bearing_fault_018,bearing_fault_018_w2
0.18052106553594502,0.0325763381829388,0.7426374512199655,1.4711818160002272,4.113854795921825,0.0371775131723755,0.03748901485983697,1.2515959266922887,0.48233333333333334,0.03248193859075732,29.296875,9.677654523539436e-05,0.0,1.1991746024303267e-05,0.0,0.12391169776866029,0.11425856102269284,0.24335787667975875,0.6423835622975483,2876.317759508893,1774.309122134555,9.84228637278303,0.0076623288094046435,12.4506334668729,bearing_fault,bearing_fault_019,bearing_fault_019_w0
0.1784685500541786,0.031846799391437815,0.7285443647802617,1.452501423212043,4.082200278755522,0.002571455512864418,0.017520856281282412,1.251245718546038,0.4825833333333333,0.031835289997326086,29.296875,9.913508126034004e-05,0.0,1.059257526915081e-05,0.0,0.10684991765259665,0.12100523439521996,0.23943961813291473,0.6395551474718654,2855.868959647215,1773.0359241055985,9.829666171243794,0.008147521462660618,13.294651693742784,bearing_fault,bearing_fault_019,bearing_fault_019_w1
0.17935834687666297,0.03216719670686716,0.6897394665631272,1.3240211596386025,3.845594468137195,-0.03409061988264295,0.015017244297750285,1.251979563287553,0.48541666666666666,0.032033503726226466,29.296875,9.470141341547466e-05,0.0,1.640452266715332e-05,0.0,0.17322363073065541,0.11878414170406529,0.23546100828548974,0.645754850010445,2879.387928871295,1766.630268305004,9.845107749272177,0.009102448015428472,14.182274781481755,bearing_fault,bearing_fault_019,bearing_fault_019_w2
0.25546810435177275,0.06524028428799718,1.0113611411347267,1.9505990236812494,3.9588548390452276,-0.05727064370603596,0.01830966954748172,1.2496923696782656,0.4865,0.06505244834069507,29.296875,0.0,9.685264353351061e-06,1.4601019491522216e-05,0.0,0.0,0.1333575322461475,0.2186868140661781,0.6479556536876744,2863.2188242825923,1791.6099961175196,9.749481564753292,0.0058688960964543265,6.659896253368709,bearing_fault,bearing_fault_020,bearing_fault_020_w0
0.25578138429429864,0.06542284087205902,1.0113611411347267,1.9096782275900885,3.954006050616522,-0.08367909188463107,0.021991163173026414,1.2491457587888704,0.49133333333333334,0.06541109116757055,29.296875,0.0,1.4361580558029297e-05,2.0077281058685742e-05,0.0,0.0,0.13624978991441825,0.2136380255009774,0.6501121845846044,2871.445120573954,1803.9184445325377,9.746779211369013,0.01152034446881617,12.94633871224535,bearing_fault,bearing_fault_020,bearing_fault_020_w1
0.2587150179663671,0.06693091898734538,1.1277427568251615,2.0746427883346614,4.359015435941055,0.05441480165180801,0.05750524449786963,1.2573264694675896,0.48641666666666666,0.0667608061455423,29.296875,0.0,1.7584743829102356e-05,2.3904451363556242e-05,0.0,0.0,0.13277426323701358,0.223878185054989,0.6433475517079975,2859.3359725550504,1801.7731985114478,9.718836089089367,0.013977602603888835,15.525890487678872,bearing_fault,bearing_fault_020,bearing_fault_020_w2
0.2882612965485255,0.08308891099815133,1.4208544368524552,2.441195541961007,4.929050322970675,0.13823319738147655,0.019622183748886277,1.2615792359049094,0.4974166666666667,0.08268795732828964,29.296875,0.00016323545155990385,2.4517642655577764e-05,3.3672864730236e-05,0.15019802635569224,0.2062840174021805,0.1004653303079687,0.21499353859192777,0.6845411311001036,2922.1176424639257,1688.545332203579,9.867866927246038,0.04615961208622424,43.46794094508698,bearing_fault,bearing_fault_021,bearing_fault_021_w0
0.28764510500297136,0.08271958907647083,1.4208544368524552,2.590524859545783,4.939609303755674,0.21849948104700356,0.047876295075105,1.260431345368348,0.4935833333333333,0.08228343742309786,29.296875,0.00013535211036036076,2.077929042153279e-05,3.111198696423703e-05,0.1535202544401422,0.22985963707107807,0.09307482195327611,0.22989856534292882,0.677026612703795,2914.5623867431277,1687.234701813819,9.869644675710726,0.0445890467446545,41.942056712543625,bearing_fault,bearing_fault_021,bearing_fault_021_w1
0.2862672957640922,0.0819143115512868,1.3134055157588476,2.483075938452175,4.588038994301332,0.14464346048575294,0.015587924893334392,1.2546384381316618,0.49491666666666667,0.08153830058724135,29.296875,0.00013554663198448043,2.1238688149623977e-05,1.560300743685631e-05,0.15668916179382256,0.11511173098452784,0.09472323055070035,0.23313247205574328,0.6721442973935564,2920.097306659151,1700.5948007508143,9.88728494244107,0.04397276630887546,42.23799706964169,bearing_fault,bearing_fault_021,bearing_fault_021_w2
0.20331080143752875,0.04133124049016678,0.9158052962178478,1.6057674713912813,4.504459624095511,0.020360624956222484,0.04693204297872422,1.2547356240971828,0.4871666666666667,0.040854695973448034,29.296875,7.439845007486025e-05,3.709425317127593e-05,8.19350036194244e-06,0.4985890584273117,0.11012998730078492,0.10374151157568257,0.24217395248209253,0.6540845359422249,2889.6785172835926,1732.4070251467308,9.882268441205891,0.014043751728874133,19.067045469504023,bearing_fault,bearing_fault_022,bearing_fault_022_w0
0.20256034001811662,0.041016308381301554,0.7896028901605765,1.5690738315046555,3.898111990185028,0.04927199621792555,0.02019582980006027,1.2564369854742106,0.49066666666666664,0.041312083095138216,29.296875,8.616295008889904e-05,3.332053124379149e-05,6.548907900401494e-06,0.38671530175571833,0.07600607794469232,0.10018294183721056,0.2287311552160308,0.6710859029467586,2950.5171458548743,1740.3008796953213,9.882274919855519,0.010287896449365518,14.06538263350762,bearing_fault,bearing_fault_022,bearing_fault_022_w1
0.20250169599270387,0.040995594256346767,0.7896028901605765,1.4957086898757561,3.8992408744518654,-0.013649235755687883,-0.02292137556853057,1.2535637480093575,0.4891666666666667,0.040726403454244234,29.296875,7.639561434425195e-05,3.171687197993103e-05,8.904579490735308e-06,0.4151661355455469,0.11655877850015998,0.10065082897841589,0.23263760656248372,0.6667115644591004,2950.9406244863376,1750.405775046494,9.882587359545171,0.011546382768489342,16.06443358201152,bearing_fault,bearing_fault_022,bearing_fault_022_w2
0.2051950257724368,0.042100456607097735,0.9214637210757464,1.7597762703758586,4.490672800702577,0.2674915947336256,0.07384161074043495,1.2650499593012756,0.47341666666666665,0.04195052844921683,29.296875,0.0002992802258927946,0.0,0.0,0.0,0.0,0.1393275311794204,0.20444918391614375,0.6562232849044359,2805.890372856114,1758.8304303802392,9.654995686207837,0.04082438195254192,55.68333962881618,bearing_fault,bearing_fault_023,bearing_fault_023_w0
0.2068665662151136,0.04278243168756156,0.9190844051011391,1.7573969544012513,4.442885198497538,0.2275006002160067,0.05228442389116907,1.2618952037391733,0.4688333333333333,0.04237311416087072,29.296875,0.000325001550116174,0.0,0.0,0.0,0.0,0.13988682192152962,0.216345753875596,0.6437674242028745,2763.637813147839,1744.3303021239567,9.627618130670436,0.039232632941605144,52.82106007731035,bearing_fault,bearing_fault_023,bearing_fault_023_w1
0.20606159242685476,0.04243673806377876,0.8975718459986224,1.662866350438501,4.355842519838973,0.14712175362648772,0.030278697376011084,1.2581852810242444,0.474,0.042155236388280094,29.296875,0.0002796291550277676,0.0,0.0,0.0,0.0,0.1306813115392589,0.22009465983714235,0.6492240286235988,2781.996089793676,1727.4112590411546,9.671304735198724,0.037245786358113736,50.3648857082901,bearing_fault,bearing_fault_023,bearing_fault_023_w2
0.2513112121627744,0.06315377376643286,1.1752638111534508,2.158202018216457,4.676527565321009,0.0010972491917011773,-0.005769782018951509,1.2511646441870086,0.4881666666666667,0.06300901856570999,29.296875,0.00020078614126624203,5.080779093783963e-05,0.0,0.25304431181068715,0.0,0.11921014950305461,0.23983207071025486,0.6409577797866907,2865.8228146789183,1775.2817238746693,9.85525054785872,0.010460575115037236,12.11520214523699,bearing_fault,bearing_fault_024,bearing_fault_024_w0
0.24989931120903996,0.06244939119594435,1.1752638111534508,2.153670486162416,4.702949381762587,0.021914713859271462,0.01752206402491941,1.2534785073165204,0.49466666666666664,0.06266633884070003,29.296875,0.0001813635541228966,4.418588979070322e-05,0.0,0.24363158300681362,0.0,0.1195676767210164,0.2321242180085414,0.6483081052704421,2891.9530919984177,1772.492588903665,9.857368085846188,0.017308709877880347,19.75674589416941,bearing_fault,bearing_fault_024,bearing_fault_024_w1
0.24849618866077527,0.06175018745079688,1.091451550475181,2.1355259294930784,4.392226522094199,0.09801401611991878,0.026136529153988883,1.2568016833873454,0.48983333333333334,0.062098431145329744,29.296875,0.00020676698892841354,3.623612192222892e-05,0.0,0.17525100167113483,0.0,0.11637174723401987,0.23580273524642606,0.6478255175195541,2890.4264389071336,1770.5470144857813,9.84605601988937,0.017752090481168672,20.122106982843338,bearing_fault,bearing_fault_024,bearing_fault_024_w2
0.28135619844189813,0.07915965142151692,1.2869356408024029,2.4122000260917913,4.574044033610169,0.31739089248747376,0.022690438775701337,1.2688219782693069,0.48925,0.07902381301817857,29.296875,0.00040798873918193216,0.0,0.0,0.0,0.0,0.11865503811933441,0.1952165719109331,0.6861283899697325,2866.065961481492,1693.7219574385645,9.70641321888425,0.05347299434068098,51.11296446180471,bearing_fault,bearing_fault_025,bearing_fault_025_w0
0.2775722332736462,0.0770401368390677,1.2869356408024029,2.3722631997280077,4.63639905773165,0.23960065343512982,0.0427110762338655,1.2639337269857729,0.4781666666666667,0.07741314664175825,29.296875,0.00044049539789867446,0.0,0.0,0.0,0.0,0.12191352071183076,0.20532221327197503,0.6727642660161943,2833.7305020866115,1699.9788734704834,9.69742506256018,0.04467799768475824,43.92262893901626,bearing_fault,bearing_fault_025,bearing_fault_025_w1
0.2775670905880941,0.07703975816840603,1.1589255344734324,2.2405607414690705,4.175298779181508,0.18059147830991495,0.025066115483924394,1.2639966349157317,0.4800833333333333,0.07698693558985051,29.296875,0.0003947355396096841,0.0,0.0,0.0,0.0,0.1146998522698067,0.21413295657387357,0.6711671911563197,2844.35271755905,1695.3747958353802,9.73016795773992,0.04755842272154435,46.95815765687002,bearing_fault,bearing_fault_025,bearing_fault_025_w2
0.2866187361575812,0.08214912298069675,1.1531579511490986,2.2523927262171393,4.0233167119790085,0.04113208194723317,-0.007608423408365324,1.253486338501944,0.49016666666666664,0.08258646370223494,29.296875,0.00018487674328114513,3.84164960877614e-05,1.528553085542369e-05,0.20779517967460512,0.082679576587839,0.09615080574140891,0.23519301028164424,0.6686561839769469,2953.8008282971105,1723.3762757829447,9.871718170735589,0.01872648380099315,18.671604507485597,bearing_fault,bearing_fault_026,bearing_fault_026_w0
0.28809927053237083,0.08300068743355701,1.1752262630357482,2.2605228596191367,4.079240675840933,0.06243949830948692,0.0047013137558590615,1.254724754814065,0.4905,0.0831200848689721,29.296875,0.00022570132137830003,4.6437131428721756e-05,6.3204296512851475e-06,0.20574594399865326,0.02800351195415209,0.1014495931988933,0.23930203127920957,0.6592483755218971,2915.3398408531643,1732.0788462232222,9.86395625055944,0.020081670732976776,19.828813616461836,bearing_fault,bearing_fault_026,bearing_fault_026_w1
0.2858842261748443,0.08172863025456664,1.1972600995538358,2.282556696137225,4.1879194091023475,0.11030467284335765,0.03177879409762205,1.2584701264742986,0.49275,0.0828178966176013,29.296875,0.00019590968386869342,3.777153027106211e-05,6.988740553688223e-06,0.19280073105716466,0.035673277684284146,0.09863677900219459,0.24126425825372982,0.6600989627440755,2917.622816565195,1728.1658930604553,9.869456276234187,0.017108364969819243,17.124814188096796,bearing_fault,bearing_fault_026,bearing_fault_026_w2
0.2588847321635579,0.06699906125623807,0.9546633314466008,1.8270072965818351,3.6875999734254883,-0.06691109570288178,0.03279581860136197,1.2513566906893154,0.4851666666666667,0.06664274589609562,29.296875,0.0003022562185819262,5.189213483940611e-05,1.6041547675879153e-05,0.17168260452295975,0.053072680360854545,0.12199845650119726,0.2302505799757687,0.647750963523034,2869.0034941646177,1786.6067435994996,9.797536498812448,0.011567341862240463,12.82843954315049,bearing_fault,bearing_fault_027,bearing_fault_027_w0
0.25999242797696587,0.0675943074298576,1.054180261603092,1.9990013183019801,4.054657552167202,0.010024198294042996,0.034743857096730515,1.2541432225179816,0.4836666666666667,0.06768983723653932,29.296875,0.0003155883288763799,6.023576204966616e-05,1.601616780476883e-05,0.1908681549286992,0.050750190483256345,0.12342395649615759,0.2309665919291993,0.6456094515746432,2887.480516496582,1794.6801554076276,9.809599687284713,0.016076222114621903,17.94183833404213,bearing_fault,bearing_fault_027,bearing_fault_027_w1
0.2588142436826084,0.06698461102127815,1.2291837747099967,2.2952436325498686,4.749289518305574,0.104779738736827,0.03380701545425664,1.2566112857738485,0.486,0.06721515152219518,29.296875,0.0002872606602953176,4.601086455236418e-05,2.1906493139479633e-05,0.16017112995932972,0.0762599832394687,0.11467803504093955,0.23250794608094294,0.6528140188781175,2921.6665166477524,1775.269118392116,9.816799938306584,0.010191526553750175,11.493203753121742,bearing_fault,bearing_fault_027,bearing_fault_027_w2
0.17802579281694622,0.031667064665273664,0.7398584887390818,1.4167530571212388,4.155906158496012,0.04482289991108379,-0.01313432794828683,1.2541673503591408,0.49216666666666664,0.03184204719622988,29.296875,9.869677317597056e-05,0.0,5.046917502827393e-06,0.0,0.05113558772411976,0.10709033956558577,0.22377001758492854,0.6691396428494858,2917.048918654716,1722.7744761863298,9.841238132511386,0.01463252367906865,23.02986861269843,bearing_fault,bearing_fault_028,bearing_fault_028_w0
0.1787173407320806,0.03193012441087576,0.7643316051894705,1.4703376516030149,4.276762411854024,0.08982901423010725,0.0016842110857309281,1.2571287337534758,0.49091666666666667,0.03201545571257572,29.296875,0.00010192635136868999,0.0,5.681601418624847e-06,0.0,0.055742223108460415,0.10760603704426334,0.21126427803874498,0.6811296849169918,2934.811914384391,1719.143242786919,9.835136094412551,0.014380428398271432,22.217531103458043,bearing_fault,bearing_fault_028,bearing_fault_028_w1
0.17934674486844618,0.0321642015404425,0.7643316051894705,1.4703376516030149,4.26175343048529,0.09522253497954747,-0.025177232321545624,1.2553682754892856,0.4836666666666667,0.03208529009277594,29.296875,0.00011859151737334439,0.0,5.849119657198669e-06,0.0,0.04932156858053125,0.1063082874075431,0.22666850509771375,0.6670232074947432,2907.3571470645747,1729.0525719287834,9.821939294280106,0.011395235695554437,17.270801096836017,bearing_fault,bearing_fault_028,bearing_fault_028_w2
0.16508952895449358,0.027253332680236327,0.7355452214574475,1.4070243422003528,4.455432310671855,-0.06820855350773058,-0.008995987001972182,1.2510709653715004,0.44675,0.027061778603616405,29.296875,0.0002679793213551567,3.68193010687227e-05,2.828593030921885e-05,0.1373960531078649,0.10555266042983637,0.17819692037952933,0.23178889905015912,0.5900141805703115,2631.37256659354,1836.9047233158828,9.561933392194442,0.008278091069613793,14.910242999800278,bearing_fault,bearing_fault_029,bearing_fault_029_w0
0.1661535404487704,0.02760522872433921,0.7355452214574475,1.4070243422003528,4.426900681567094,0.018897264992726814,-0.023706368656412506,1.2543556872678798,0.45916666666666667,0.027458828559623345,29.296875,0.0002527006736305306,3.13763978684466e-05,2.5846163859848283e-05,0.12416428265767707,0.1022797584530286,0.16668146347424243,0.2120204148996677,0.6212981216260899,2724.4863133055546,1831.6730547957113,9.592455105996692,0.010636021317349267,18.535858111022815,bearing_fault,bearing_fault_029,bearing_fault_029_w1
0.1676967436190599,0.028120829039083636,0.669523940696819,1.3223825293224651,3.9924683464200728,0.0784284681015488,-0.01613324296437264,1.2581959068803026,0.46266666666666667,0.027945032328081668,29.296875,0.000262030327477943,3.3208757941146014e-05,2.892504927287546e-05,0.12673631430675306,0.11038817358006124,0.17204975305179482,0.2108862508130395,0.6170639961351656,2727.9924168075618,1851.7082354882446,9.586437840092266,0.009782861112932795,16.971861643310103,bearing_fault,bearing_fault_029,bearing_fault_029_w2
0.18669524674187427,0.034847796494445804,0.8940284989923506,1.6757694342355864,4.788705200558419,0.7694896992192972,0.12471544706234473,1.28686375317642,0.45325,0.034562366994483326,29.296875,0.0003048383980459277,4.021010247098801e-05,1.3181950678587922e-05,0.13190629109962013,0.04324242209343292,0.15414111643126857,0.1710908244831447,0.6747680590855867,2709.1575529575157,1681.7873204211037,9.372289726022775,0.04862309039815399,71.85388528010192,bearing_fault,bearing_fault_030,bearing_fault_030_w0
0.18853484978357063,0.0355418072429113,0.9715041240002154,1.7532450592434512,5.1529153634750156,0.9435857766797726,0.16498872085493713,1.292245829551443,0.4535,0.035408458856799385,29.296875,0.00033978287107175233,5.7017134529441196e-05,1.3050753091391977e-05,0.1678046169590486,0.03840909652163141,0.17113866185405263,0.16987937863761837,0.658981959508329,2652.449687221236,1704.9164254359707,9.326007566988586,0.046582246724024584,68.79828684878731,bearing_fault,bearing_fault_030,bearing_fault_030_w1
0.1862078295329629,0.03467087578368574,1.0316484286963803,1.8299028980743604,5.540306394655418,1.0562282625988013,0.15777587551686867,1.2925876486954804,0.45841666666666664,0.03464585485231244,29.296875,0.0003143293123096996,4.543079044780452e-05,1.1916814918253975e-05,0.14453246537517592,0.03791187920302094,0.1649678488617829,0.17523366221665973,0.6597984889215573,2666.2669848178657,1693.488466457818,9.362160047905785,0.04843579593720882,71.33845803994745,bearing_fault,bearing_fault_030,bearing_fault_030_w2
0.2425236908881429,0.05880329277829846,1.2081391110500437,2.4083807999033247,4.98153028525062,0.6797539463390212,0.04731900209412872,1.278282499047826,0.49241666666666667,0.059129513670710204,29.296875,9.807289520167236e-05,4.072220729177464e-05,1.4663689987457672e-05,0.41522387208040984,0.1495182737014541,0.08707077152185813,0.2096550543831287,0.7032741740950132,2916.4440393201485,1616.3995633239101,9.79921551526115,0.06116789619561,67.1711779211061,bearing_fault,bearing_fault_031,bearing_fault_031_w0
0.24236541073280046,0.058731986957659466,1.200241688853281,2.374339243675536,4.952198769718449,0.5990740050239438,0.08653821744662285,1.2761897965874627,0.49633333333333335,0.0582399502396737,29.296875,8.805711601247702e-05,5.000859365309058e-05,9.919808275405861e-06,0.5679108732791651,0.1126519777686144,0.08420470638101746,0.2099809439384931,0.7058143496804894,2926.415927140291,1611.9740349241395,9.785814359640607,0.061394058626053766,68.41823927893472,bearing_fault,bearing_fault_031,bearing_fault_031_w1
0.24334258014646207,0.05920082697018187,1.126656411941745,2.2519685061551047,4.629918903891122,0.5249067218020858,0.09946196575633087,1.2762818744459279,0.4930833333333333,0.05942377020817511,29.296875,8.280443794540969e-05,3.7665014357077125e-05,2.25120609626963e-05,0.4548670976054262,0.2718702224334616,0.08923359385540244,0.21205482624550603,0.6987115798990915,2937.120084687846,1631.7670123303053,9.8094697384546,0.06089021094131177,68.45510494013992,bearing_fault,bearing_fault_031,bearing_fault_031_w2
0.14661548725491616,0.021494756093260202,0.9825270588341702,1.6863046733202205,6.701386580845163,1.088055272241462,0.09362800568789546,1.291949397249426,0.47708333333333336,0.02171690996959108,29.296875,0.0001597891454637941,3.137303754999583e-05,1.5333181195363635e-05,0.1963402298631386,0.09595884095167097,0.13948601516599063,0.17114581374031052,0.6893681710936987,2769.8705883925863,1667.9022471515327,9.491063758707783,0.045852936080929906,86.77974145911101,bearing_fault,bearing_fault_032,bearing_fault_032_w0
0.14584890783084128,0.021270587212002867,0.7037776144860503,1.311515629981184,4.825388307345481,0.8694829921487126,0.06526917548085412,1.285975095047677,0.47383333333333333,0.021170043762128873,29.296875,0.00015439691500475816,3.4692269492021356e-05,1.9339713610276684e-05,0.2246953541199461,0.12525971525843427,0.14373719724415454,0.16939902912196553,0.6868637736338801,2773.5481112929797,1675.8875461435598,9.49893009514553,0.045470935551347416,85.30001076723498,bearing_fault,bearing_fault_032,bearing_fault_032_w1
0.14544259528797368,0.02113965704392168,0.7239456141816083,1.331683629676742,4.977535038811768,0.9163802191340751,0.08344301446051343,1.2910908725117127,0.4726666666666667,0.0211034640043416,29.296875,0.0001645559404636111,3.173751567219151e-05,1.3187519052931025e-05,0.19286763870557289,0.08014003636561047,0.14436240121087243,0.17255042010599417,0.6830871786831334,2753.99949764145,1674.8091928490223,9.509196821109875,0.044921708781125405,81.96813695020694,bearing_fault,bearing_fault_032,bearing_fault_032_w2
0.21791067426779256,0.047482447509797986,0.9052528590966596,1.7409122417760061,4.1542382544518475,0.013054317388645043,-0.02577660446989207,1.2558298679811781,0.48133333333333334,0.04715078607886719,29.296875,0.00030199914944321204,4.787360631044125e-05,0.0,0.15852232166449665,0.0,0.14000655052015143,0.22326651569025366,0.6367269337895948,2843.4608729358265,1821.6011176131142,9.728830253891985,0.005769020849080653,7.67389085825275,bearing_fault,bearing_fault_033,bearing_fault_033_w0
0.21881649420578464,0.047874908821534994,0.9052528590966596,1.7409122417760061,4.137041233488185,0.013750082971580646,0.01435129128346823,1.2535476697660146,0.48083333333333333,0.047261926655941235,29.296875,0.0002905766468642482,4.014565854757285e-05,0.0,0.13815858562896874,0.0,0.13284892515097294,0.23038546491032483,0.6367656099387023,2836.3731417777444,1798.8743440117814,9.737666849580222,0.0059258570333770655,7.702967568399622,bearing_fault,bearing_fault_033,bearing_fault_033_w1
0.220826964521855,0.04876249314932044,0.86710993642323,1.6967105282551689,3.926648805324737,-0.05436127850484196,0.022362800897038262,1.2510928434736996,0.47741666666666666,0.048537279651289636,29.296875,0.0003377891952048511,3.477763084262058e-05,0.0,0.10295661121288917,0.0,0.15005584848819595,0.22541131476054238,0.6245328367512616,2774.555290257034,1799.6267029398523,9.694805457891308,0.003654315653129546,4.792076399649504,bearing_fault,bearing_fault_033,bearing_fault_033_w2
0.2451267174505706,0.06007988239130966,1.157321541181128,2.062074186971364,4.721319459656616,-0.043111949360738144,-0.007906035565468315,1.2512622586932542,0.48783333333333334,0.060840328648847974,29.296875,0.0001391421448989843,1.754830404178863e-05,1.5251332805571335e-05,0.12611782040968617,0.1096097290770071,0.1008372570960247,0.24315452962800652,0.6560082132759688,2922.943636020219,1745.9379622660529,9.888850564452532,0.009196881168325104,10.602833100676518,bearing_fault,bearing_fault_034,bearing_fault_034_w0
0.2443663420827901,0.05969677849372939,0.9771336129003598,1.9317605312437034,3.9986423849210455,0.025057944721375236,0.0010077869003188775,1.2545078208718086,0.4915,0.05926850829882262,29.296875,0.00013183973248601132,2.772232396308557e-05,6.313513976182321e-06,0.2102729081768048,0.047887794196276964,0.10428513602624322,0.24223278003328358,0.6534820839404732,2923.5157101350187,1761.5716399453047,9.88260884621257,0.007342439711345001,8.621495463365626,bearing_fault,bearing_fault_034,bearing_fault_034_w1
0.2449804471790548,0.06000879030721857,0.9546269183433435,1.8626663383935216,3.896747390805488,0.008117331556456886,0.0011313988997903863,1.2543407685507797,0.4990833333333333,0.05958526615062811,29.296875,0.00014630443619320822,2.6743423891856293e-05,1.3902297826295034e-05,0.18279298008803496,0.09502307782339418,0.11500964078913561,0.22621890511994136,0.658771454090923,2926.1789906314325,1773.010714257702,9.867335820154665,0.005464758816130308,6.3772441015744175,bearing_fault,bearing_fault_034,bearing_fault_034_w2
0.18677472995411465,0.03488353051355618,1.0329531865315218,1.9137135991318317,5.530476134460425,1.8681204505092994,0.18850092485993009,1.326910392248381,0.4881666666666667,0.03501648748046772,29.296875,8.42072266330123e-05,0.0,6.889571808362016e-06,0.0,0.08181687111472988,0.08045778837677503,0.1693652462101872,0.7501769654130377,2919.3796776239737,1502.1793693124473,9.58870598446941,0.08117762179180522,115.28037095671107,bearing_fault,bearing_fault_035,bearing_fault_035_w0
0.18545932235675952,0.03439460032851118,1.0329531865315218,2.027428382199737,5.569702150342583,1.81857738242548,0.13030734140129815,1.3219067543083522,0.48391666666666666,0.03448232059915517,29.296875,9.739944463709644e-05,0.0,5.966270345633367e-06,0.0,0.061255691630104005,0.08661721559429005,0.17101726941308118,0.7423655149926287,2919.464796690491,1532.0296702508406,9.579089200441516,0.07913075303125346,116.13598672398675,bearing_fault,bearing_fault_035,bearing_fault_035_w1
0.18736064269895464,0.03509929731750354,1.0691410915634056,2.063616287231621,5.706326986085701,1.9454883074156664,0.09895213502323476,1.3232216962978802,0.48633333333333334,0.03482247683087103,29.296875,9.279881875736478e-05,0.0,8.57680270905652e-06,0.0,0.09242361943724461,0.08655833798866588,0.16835636623884945,0.7450852957724847,2912.0997972733453,1512.0868322862198,9.571804805421408,0.08192095709529153,117.89265517519976,bearing_fault,bearing_fault_035,bearing_fault_035_w2
0.24530553662571403,0.060173183489399915,1.1491043131546048,2.100764253968132,4.68437985118902,0.003990735318451399,0.02194453405811342,1.2498770592618749,0.48725,0.05985443487300826,29.296875,0.00010022491514566981,6.244810348069559e-05,9.198967150238934e-06,0.6230796343397418,0.09178323710096324,0.10390579376193743,0.22637037926011028,0.6697238269779523,2918.5190806065284,1712.9508315780656,9.875165953517843,0.01995488817331564,22.6866037035352,bearing_fault,bearing_fault_036,bearing_fault_036_w0
0.2463810582266634,0.0606942341912287,1.1491043131546048,2.0303592002925583,4.663931234914424,0.01866610771890098,0.02683203944020748,1.2513632333864664,0.4980833333333333,0.061508492968065875,29.296875,0.00010253693659006213,6.318780894674771e-05,1.0476437300597205e-05,0.6162443607942922,0.10217232588566119,0.10073662413831634,0.22221538602823676,0.6770479898334468,2935.2361259853037,1708.9884286627314,9.878682557406755,0.025681854087644652,28.839482149591245,bearing_fault,bearing_fault_036,bearing_fault_036_w1
0.24756302250132337,0.061268138220100674,1.0214327038693467,1.9746196859504417,4.125950206735284,0.07437182669954545,-0.007854581460849214,1.2545674241251366,0.494,0.061537483623973314,29.296875,0.0001022534651666806,5.402569563065739e-05,2.0555215406933232e-05,0.528350756060849,0.20102218906153188,0.09656500278029147,0.22926460757122963,0.6741703896484789,2943.80524662739,1701.0600253943246,9.871043042592676,0.024822181347978638,28.242402393372583,bearing_fault,bearing_fault_036,bearing_fault_036_w2
0.13928668029848867,0.019400754883321793,0.54005383054483,1.07378098878642,3.877282661827427,-0.03851063288573453,0.05283271135441812,1.2532749988730045,0.44516666666666665,0.019561997013435313,29.296875,0.00030439636716826564,5.09821942399047e-05,9.220485732226803e-06,0.16748621119950005,0.030291050507609572,0.224167381281302,0.19561986858698827,0.5802127501317097,2555.6560662280403,1902.3567667448397,9.23518787050967,0.007251311811637507,15.965356477415023,bearing_fault,bearing_fault_037,bearing_fault_037_w0
0.13932685410836154,0.019411878119312727,0.54005383054483,1.0699085460023368,3.8761646776636676,-0.02879070573486109,0.06858281960035727,1.2528038101291317,0.45075,0.019502572395188624,29.296875,0.0003121995719124651,4.619992122635857e-05,1.3159810851389808e-05,0.14798201337480424,0.04215191830909868,0.2317571478092799,0.19000108228091717,0.5782417699098029,2554.7199217511284,1915.7740859175642,9.214038812388653,0.00595797698036796,13.096745905489177,bearing_fault,bearing_fault_037,bearing_fault_037_w1
0.14025690766744933,0.019672000037395863,0.5737477915299466,1.0795945978603239,4.09069186731472,0.006408320124877687,0.05661503327499661,1.2528713048617948,0.44475,0.019648549539165786,29.296875,0.0003298502746119003,3.7923735939572543e-05,1.0638078363468423e-05,0.11497257652488956,0.032251233915100166,0.2399109560599233,0.19686132312294294,0.5632277208171338,2493.8207700066932,1909.2448227933949,9.185675570143028,0.007674315909918801,16.984418411433392,bearing_fault,bearing_fault_037,bearing_fault_037_w2
0.2401804997397824,0.05768624340600701,0.9785670759041376,1.8343156480935954,4.074298608606202,0.07472873997670826,0.005606535642459432,1.2574941477196235,0.476,0.05786360128008048,29.296875,0.0004505046243117283,5.9949626006879606e-05,1.6068239466186876e-05,0.13307216568191593,0.03566720206420878,0.14621770892243355,0.2153815698240249,0.6384007212535415,2790.7879707771203,1791.2782380855904,9.656733180960982,0.020473902837776354,24.282935893270366,bearing_fault,bearing_fault_038,bearing_fault_038_w0
0.24011140324980887,0.05764368236467337,0.9785670759041376,1.8734295202115285,4.075471063263284,0.046518312711715026,0.019469359576571692,1.2539534188759327,0.47325,0.057845436671334835,29.296875,0.0004813597232389916,5.925127173784127e-05,9.524115532930244e-06,0.12309146128626854,0.01978585883514311,0.15241188874403444,0.2177323967872224,0.6298557144687431,2775.0904934024647,1807.3089457144413,9.633498207617432,0.018831453841980914,22.944971279355446,bearing_fault,bearing_fault_038,bearing_fault_038_w1
0.240300590323198,0.057740193954227664,0.9366342326086519,1.8314966769160428,3.8977608475655567,0.0338709995961084,0.03282988484968266,1.2537975755820012,0.48133333333333334,0.05792997958970439,29.296875,0.00042945782135538703,4.803737238317707e-05,1.1778207496672765e-05,0.11185585637157357,0.027425760833742055,0.14408493641602751,0.21492838063502093,0.6409866829489514,2803.535702614623,1789.8281480765074,9.67452750583233,0.023862621609184353,28.64140645210712,bearing_fault,bearing_fault_038,bearing_fault_038_w2
0.2578480073308759,0.06647567250397106,1.1340795549121805,2.122930175589291,4.398248280650493,0.3166139958533112,0.07044027934491465,1.2679391563190345,0.4795,0.0665429295708423,29.296875,0.0003985407826628564,2.3837669957450115e-05,1.3461194942784085e-05,0.059812373022851896,0.03377620441462202,0.12258571660346007,0.20040793577613242,0.6770063476204075,2854.550261305227,1705.1568851649943,9.690233973397344,0.05913958965282914,63.06637335520579,bearing_fault,bearing_fault_039,bearing_fault_039_w0
0.2560663371304059,0.06556918719068246,1.1340795549121805,2.122930175589291,4.428850615903614,0.3770863670328679,0.07785301534288958,1.2687142929346429,0.48041666666666666,0.06570010374438233,29.296875,0.00038948873417124226,4.311865949457734e-05,1.997290565752341e-05,0.1107057938051164,0.05127980325290266,0.12034824654121992,0.20656494725475594,0.6730868062040242,2844.185028899033,1701.3202216985615,9.683003149480218,0.055444595478627706,59.72232857577594,bearing_fault,bearing_fault_039,bearing_fault_039_w1
0.25653067404186414,0.06580329270661804,1.2515406627278574,2.324384478914111,4.878717398620385,0.39203017597524026,0.07553415931439032,1.2699797974349498,0.4766666666666667,0.06601503585059337,29.296875,0.00038720023625047836,4.6379369810939e-05,1.6090117669120714e-05,0.11978135721212825,0.04155503060879353,0.12142483760161824,0.20761155929501243,0.6709636031033694,2839.4212448599,1709.3111238660354,9.698441551090875,0.05681850993850362,60.82531944002281,bearing_fault,bearing_fault_039,bearing_fault_039_w2
